International Law Review Conference,2/16/2000,1:00 AM,2/16/2000,1:00 AM,FALSE,FALSE,PROGRAMS/EVENTS
1st and 2nd Floor of Maguire Hall Moved to 25 East Pearson 14th Floor,6/9/2005,1:00 AM,6/9/2005,1:00 AM,FALSE,FALSE,PROGRAMS/EVENTS
AALSA Meeting Room 140,11/10/2004,12:00 PM,11/10/2004,2:00 PM,FALSE,FALSE,STUDENT ACTIVITIES
ABA/Student Reception - Ksabeer Hall ,2/4/2005,5:00 PM,2/4/2005,1:00 AM,FALSE,FALSE,STUDENT ACTIVITIES
Academic Awards Ceremony - Rubloff Auditorium,5/2/2006,5:00 PM,5/2/2006,7:00 PM,FALSE,FALSE,PROGRAMS/EVENTS
Access Consolidation Loan Presentation Room 110,11/10/2004,12:00 PM,11/10/2004,2:00 PM,FALSE,FALSE,STUDENT ACTIVITIES
Access to Health Care Conference - Rubloff Auditorium,3/15/2005,9:00 AM,3/15/2005,4:00 PM,FALSE,FALSE,
Accounting Lecture (Rm 110),10/26/2004,12:00 PM,10/26/2004,1:00 PM,FALSE,FALSE,STUDENT ACTIVITIES
Accounting Presentation (Rm 110),10/25/2004,6:00 PM,10/25/2004,7:00 PM,FALSE,FALSE,STUDENT ACTIVITIES
Accounting Presentation (Rm 110),10/27/2004,11:00 AM,10/27/2004,12:00 PM,FALSE,FALSE,STUDENT ACTIVITIES
ACLU Meeting Professor Zimmer Speaker (Room 110),11/16/2004,5:00 PM,11/16/2004,6:00 PM,FALSE,FALSE,STUDENT ACTIVITIES
Admissions Tour Group Room 426,12/3/2004,11:00 AM,12/3/2004,1:00 PM,FALSE,FALSE,
Advanced Corp. Tax Make-up (Rm 140),12/2/2004,9:30 AM,12/2/2004,11:00 AM,FALSE,FALSE,STUDENT ACTIVITIES
Advocacy Banquet - Kasbeer Hall,4/20/2005,6:00 PM,4/20/2005,8:00 PM,FALSE,FALSE,
Advocacy Oral Arguments (5th Floor Conf.),11/23/2004,6:00 PM,11/23/2004,7:00 PM,FALSE,FALSE,STUDENT ACTIVITIES
Advocacy Presentation (Rm 240),11/11/2004,5:00 PM,11/11/2004,6:00 PM,FALSE,FALSE,STUDENT ACTIVITIES
Advocacy Presentation (Rm 324),11/11/2004,6:00 PM,11/11/2004,7:00 PM,FALSE,FALSE,STUDENT ACTIVITIES
ALL OTHER CLASSES BEGIN,1/18/2005,1:00 AM,1/18/2005,1:00 AM,FALSE,FALSE,ACADEMIC CALENDAR
Alumni Board of Governors Meeting - University Club,9/14/2005,12:00 PM,9/14/2005,1:30 PM,FALSE,FALSE,
Alumni Board of Governors Meeting - University Club,11/16/2005,12:00 PM,11/16/2005,1:30 PM,FALSE,FALSE,PROGRAMS/EVENTS
Alumni Board of Governors Meeting - University Club,2/15/2006,12:00 PM,2/15/2006,1:30 PM,FALSE,FALSE,PROGRAMS/EVENTS
Alumni Board of Governors Meeting - University Club,4/12/2006,12:00 PM,4/12/2006,1:30 PM,FALSE,FALSE,
Antitrust Meeting (Room 160),11/22/2004,4:00 PM,11/22/2004,6:00 PM,FALSE,FALSE,ACADEMIC CALENDAR
B. Longoria Office Hours Rm 322,10/22/2004,12:00 PM,10/22/2004,1:00 PM,FALSE,FALSE,STUDENT ACTIVITIES
B. Longoria Office Hours Rm 322,10/29/2004,12:00 PM,10/29/2004,1:00 PM,FALSE,FALSE,STUDENT ACTIVITIES
B. Longoria Office Hours Rm 322,11/5/2004,12:00 PM,11/5/2004,1:00 PM,FALSE,FALSE,STUDENT ACTIVITIES
B. Longoria Office Hours Rm 322,11/12/2004,12:00 PM,11/12/2004,1:00 PM,FALSE,FALSE,STUDENT ACTIVITIES
B. Longoria Office Hours Rm 322,11/19/2004,12:00 PM,11/19/2004,1:00 PM,FALSE,FALSE,STUDENT ACTIVITIES
Baker Office Hours Rm 230,10/20/2004,2:00 PM,10/20/2004,4:00 PM,FALSE,FALSE,STUDENT ACTIVITIES
Baker Office Hours Rm 230,10/27/2004,2:00 PM,10/27/2004,4:00 PM,FALSE,FALSE,STUDENT ACTIVITIES
Baker Office Hours Rm 230,11/3/2004,2:00 PM,11/3/2004,4:00 PM,FALSE,FALSE,STUDENT ACTIVITIES
Baker Office Hours Rm 230,11/10/2004,2:00 PM,11/10/2004,4:00 PM,FALSE,FALSE,STUDENT ACTIVITIES
Baker Office Hours Rm 230,11/17/2004,2:00 PM,11/17/2004,4:00 PM,FALSE,FALSE,STUDENT ACTIVITIES
BAR EXAM (Rooms 334 426 Career Resources Rooms 1 & 5),2/22/2005,1:00 AM,2/22/2005,1:00 AM,TRUE,FALSE,
BAR EXAM (Rooms 334 426 Career Resources Rooms 1 & 5),2/23/2005,1:00 AM,2/23/2005,1:00 AM,TRUE,FALSE,
BARBRI 1L Final Exam Review (Rm 240),11/20/2004,10:00 AM,11/20/2004,3:00 PM,FALSE,FALSE,STUDENT ACTIVITIES
BARBRI 1L Final Exam Review (Rm 240),11/21/2004,10:00 AM,11/21/2004,3:00 PM,FALSE,FALSE,STUDENT ACTIVITIES
BARBRI Film (Rm 240),12/3/2004,9:00 AM,12/3/2004,2:00 PM,FALSE,FALSE,STUDENT ACTIVITIES
BARBRI Review (Rm 324),11/20/2004,10:00 AM,11/20/2004,3:00 PM,FALSE,FALSE,STUDENT ACTIVITIES
BARBRI Review (Rm 324),11/21/2004,10:00 AM,11/21/2004,3:00 PM,FALSE,FALSE,STUDENT ACTIVITIES
BARBRI Review Session (Rm 240),12/4/2004,9:00 AM,12/4/2004,2:00 PM,FALSE,FALSE,STUDENT ACTIVITIES
BARBRI Review Session (Rm 260),12/4/2004,9:00 AM,12/4/2004,2:00 PM,FALSE,FALSE,STUDENT ACTIVITIES
BARRISTER'S BALL - Signature Room,4/16/2005,1:00 AM,4/16/2005,1:00 AM,FALSE,FALSE,
Bedore (Federal Tax Procedure - Oral arguments (Room 160),4/13/2005,3:00 PM,4/13/2005,5:00 PM,FALSE,FALSE,ACADEMIC CALENDAR
Benker Office Hours Rm 320,10/19/2004,4:00 PM,10/19/2004,5:00 PM,FALSE,FALSE,STUDENT ACTIVITIES
Benker Office Hours Rm 320,10/26/2004,4:00 PM,10/26/2004,5:00 PM,FALSE,FALSE,STUDENT ACTIVITIES
Benker Office Hours Rm 320,11/2/2004,4:00 PM,11/2/2004,5:00 PM,FALSE,FALSE,STUDENT ACTIVITIES
Benker Office Hours Rm 320,11/9/2004,4:00 PM,11/9/2004,5:00 PM,FALSE,FALSE,STUDENT ACTIVITIES
Benker Office Hours Rm 320,11/16/2004,4:00 PM,11/16/2004,5:00 PM,FALSE,FALSE,STUDENT ACTIVITIES
Benker Office Hours Rm 320,11/23/2004,4:00 PM,11/23/2004,5:00 PM,FALSE,FALSE,STUDENT ACTIVITIES
Big Sib BBQ - 474 North Lake Shore Drive 16th Floor,8/26/2005,6:00 PM,8/26/2005,9:00 PM,FALSE,FALSE,STUDENT ACTIVITIES
BLS Tax Certificate Program Room 160,11/8/2004,12:00 PM,11/8/2004,1:00 PM,FALSE,FALSE,STUDENT ACTIVITIES
BLSA ALUMNI DINNER - Kasbeer Hall,3/19/2005,5:00 PM,3/19/2005,1:00 AM,FALSE,FALSE,
BLSA Committee Meeting (Rm 320),11/9/2004,1:00 PM,11/9/2004,2:00 PM,FALSE,FALSE,STUDENT ACTIVITIES
BLSA Community Service Committee Mtg (Room 230),1/20/2005,1:00 PM,1/20/2005,2:15 PM,FALSE,FALSE,STUDENT ACTIVITIES
BLSA Holiday Potluck - Rubloff Reception Area,12/3/2004,6:00 PM,12/3/2004,8:00 PM,FALSE,FALSE,STUDENT ACTIVITIES
BLSA Mock Trial Team (Rm 160),11/7/2004,4:00 PM,11/7/2004,9:00 PM,FALSE,FALSE,STUDENT ACTIVITIES
BLSA Mock Trial Team (Rm 160),11/14/2004,4:00 PM,11/14/2004,9:00 PM,FALSE,FALSE,STUDENT ACTIVITIES
BLSA Mock Trial Team (Rm 160),11/21/2004,4:00 PM,11/21/2004,9:00 PM,FALSE,FALSE,STUDENT ACTIVITIES
BLSA Mock Trial Team (Rm 160),12/5/2004,4:00 PM,12/5/2004,9:00 PM,FALSE,FALSE,STUDENT ACTIVITIES
BLSA Mock Trial Team (Rm 160),12/12/2004,4:00 PM,12/12/2004,9:00 PM,FALSE,FALSE,STUDENT ACTIVITIES
BLSA Mock Trial Team (Rm 160),12/19/2004,4:00 PM,12/19/2004,9:00 PM,FALSE,FALSE,STUDENT ACTIVITIES
BLSA Monthly Meeting (Rm 240),12/11/2004,12:00 PM,12/11/2004,2:00 PM,FALSE,FALSE,STUDENT ACTIVITIES
BLSA Monthly Meeting Room 240,1/15/2005,12:00 PM,1/15/2005,2:00 PM,FALSE,FALSE,STUDENT ACTIVITIES
BLSA Reception (Faculty Lounge),12/4/2004,10:00 AM,12/4/2004,1:00 PM,FALSE,FALSE,STUDENT ACTIVITIES
Blum-Managed Care (Rm 320),11/30/2004,2:00 PM,11/30/2004,5:00 PM,FALSE,FALSE,
Bruce/Kim Office Hours,10/26/2004,1:00 PM,10/26/2004,2:00 PM,FALSE,FALSE,STUDENT ACTIVITIES
Bruce/Kim Office Hours,11/2/2004,1:00 PM,11/2/2004,2:00 PM,FALSE,FALSE,STUDENT ACTIVITIES
Bruce/Kim Office Hours,11/9/2004,1:00 PM,11/9/2004,2:00 PM,FALSE,FALSE,STUDENT ACTIVITIES
Bruce/Kim Office Hours,11/23/2004,1:00 PM,11/23/2004,2:00 PM,FALSE,FALSE,STUDENT ACTIVITIES
Bruce/Kim Office Hours (Rm 322),11/16/2004,1:00 PM,11/16/2004,2:00 PM,FALSE,FALSE,STUDENT ACTIVITIES
Bruce/Kim Office Hours Rm 322,10/19/2004,1:00 PM,10/19/2004,2:00 PM,FALSE,FALSE,STUDENT ACTIVITIES
Bruce/Kim Office Hours Rm 322,10/21/2004,1:00 PM,10/21/2004,2:00 PM,FALSE,FALSE,STUDENT ACTIVITIES
Bruce/Kim Office Hours Rm 322,10/28/2004,1:00 PM,10/28/2004,2:00 PM,FALSE,FALSE,STUDENT ACTIVITIES
Bruce/Kim Office Hours Rm 322,11/4/2004,1:00 PM,11/4/2004,2:00 PM,FALSE,FALSE,STUDENT ACTIVITIES
Bruce/Kim Office Hours Rm 322,11/11/2004,1:00 PM,11/11/2004,2:00 PM,FALSE,FALSE,STUDENT ACTIVITIES
Bruce/Kim Office Hours Rm 322,11/18/2004,1:00 PM,11/18/2004,2:00 PM,FALSE,FALSE,STUDENT ACTIVITIES
Budzictz Office Hours Rm 332,10/22/2004,11:00 AM,10/22/2004,12:00 PM,FALSE,FALSE,STUDENT ACTIVITIES
Budzictz Office Hours Rm 332,10/29/2004,11:00 AM,10/29/2004,12:00 PM,FALSE,FALSE,STUDENT ACTIVITIES
Budzictz Office Hours Rm 332,11/5/2004,11:00 AM,11/5/2004,12:00 PM,FALSE,FALSE,STUDENT ACTIVITIES
Budzictz Office Hours Rm 332,11/12/2004,11:00 AM,11/12/2004,12:00 PM,FALSE,FALSE,STUDENT ACTIVITIES
Budzictz Office Hours Rm 332,11/19/2004,11:00 AM,11/19/2004,12:00 PM,FALSE,FALSE,STUDENT ACTIVITIES
Budzicz's Office Hours (Rm 332),10/18/2004,11:00 AM,10/18/2004,12:00 PM,FALSE,FALSE,STUDENT ACTIVITIES
Budzicz's Office Hours (Rm 332),10/25/2004,11:00 AM,10/25/2004,12:00 PM,FALSE,FALSE,STUDENT ACTIVITIES
Budzicz's Office Hours (Rm 332),11/1/2004,11:00 AM,11/1/2004,12:00 PM,FALSE,FALSE,STUDENT ACTIVITIES
Budzicz's Office Hours (Rm 332),11/8/2004,11:00 AM,11/8/2004,12:00 PM,FALSE,FALSE,STUDENT ACTIVITIES
Budzicz's Office Hours (Rm 332),11/15/2004,11:00 AM,11/15/2004,12:00 PM,FALSE,FALSE,STUDENT ACTIVITIES
Budzicz's Office Hours (Rm 332),11/22/2004,11:00 AM,11/22/2004,12:00 PM,FALSE,FALSE,STUDENT ACTIVITIES
Bus. Org. Review (Rm 110),12/3/2004,11:00 AM,12/3/2004,4:00 PM,FALSE,FALSE,STUDENT ACTIVITIES
Business Law Society (Rm 160),11/18/2004,2:00 PM,11/18/2004,3:00 PM,FALSE,FALSE,STUDENT ACTIVITIES
Business Organizations (Rm 260),12/1/2004,2:00 PM,12/1/2004,4:00 PM,FALSE,FALSE,STUDENT ACTIVITIES
Business Organizations Review (Rm 260),12/3/2004,2:00 PM,12/3/2004,5:00 PM,FALSE,FALSE,STUDENT ACTIVITIES
Business Planning (Rm 140),12/1/2004,10:00 AM,12/1/2004,12:00 PM,FALSE,FALSE,STUDENT ACTIVITIES
Business Planning Review (Rm 140),12/3/2004,10:00 AM,12/3/2004,12:00 PM,FALSE,FALSE,STUDENT ACTIVITIES
Career Resources:  Clerkship Program,8/23/2005,12:00 PM,8/23/2005,1:00 PM,FALSE,FALSE,PROGRAMS/EVENTS
Career Resources:  Employers' Perspective on Fall Interviewing - Rubloff Auditorium,8/30/2005,12:00 PM,8/30/2005,1:00 PM,FALSE,FALSE,PROGRAMS/EVENTS
Career Resources:  First Year Career Resources Orientation - Rubloff Auditorium*,11/1/2005,12:00 PM,11/1/2005,1:30 PM,FALSE,FALSE,PROGRAMS/EVENTS
Career Resources:  First Year Career Resources Orientation* (TBA),11/2/2005,5:15 PM,11/2/2005,6:45 PM,FALSE,FALSE,PROGRAMS/EVENTS
Career Resources:  How to Write a Legal Resume and Cover Letter - The Basics - Rubloff Auditorium ,11/15/2005,12:00 PM,11/15/2005,1:00 PM,FALSE,FALSE,PROGRAMS/EVENTS
Career Resources:  How to Write a Legal Resume and Cover Letter - The Basics (TBA) ,11/16/2005,5:15 PM,11/16/2005,6:15 PM,FALSE,FALSE,PROGRAMS/EVENTS
Career Resources:  Meet the Employers Reception - Kasbeer Hall,8/24/2005,5:30 PM,8/24/2005,7:30 PM,FALSE,FALSE,PROGRAMS/EVENTS
Career Resources:  PATENT LAW INTERVIEW PROGRAM,7/28/2005,1:00 AM,7/28/2005,1:00 AM,FALSE,FALSE,
Career Resources:  PATENT LAW INTERVIEW PROGRAM ,7/29/2005,1:00 AM,7/29/2005,1:00 AM,FALSE,FALSE,
Career Resources:  PATENT LAW INTERVIEW PROGRAM ,7/30/2005,1:00 AM,7/30/2005,1:00 AM,FALSE,FALSE,
Career Resources:  Public Service Job Search - Rubloff Auditorium,10/11/2005,12:00 PM,10/11/2005,1:00 PM,FALSE,FALSE,PROGRAMS/EVENTS
Career Resources:  Students' Perspective on Interviewing Callbacks & Offers - Rubloff Auditorium,9/6/2005,12:00 PM,9/6/2005,1:00 PM,FALSE,FALSE,PROGRAMS/EVENTS
Carey's Criminal Law Review (Rm 110),12/3/2004,9:00 AM,12/3/2004,11:00 AM,FALSE,FALSE,STUDENT ACTIVITIES
"Catholic Lawyers Guild _ Trivia Night"" - Kasbeer Hall",2/3/2005,7:00 PM,2/3/2005,11:00 PM,FALSE,FALSE,STUDENT ACTIVITIES
Chicago Humanities Festival 2004 Room 110,11/6/2004,12:00 PM,11/6/2004,7:00 PM,FALSE,FALSE,PROGRAMS/EVENTS
Chicago Humanities Festival 2004 Room 110,11/7/2004,10:00 AM,11/7/2004,7:00 PM,FALSE,FALSE,PROGRAMS/EVENTS
Chief Judge Michel - Federal Circuit - Rubloff Auditorium,11/10/2005,2:00 PM,11/10/2005,3:00 PM,FALSE,FALSE,PROGRAMS/EVENTS
ChildLaw Center - Visiting Scholar Lecture by Jane Harris Aiken Washington University School of Law Rubloff,2/28/2005,4:00 PM,2/28/2005,7:00 PM,FALSE,FALSE,
Children's Summer Institute,5/23/2005,1:00 AM,5/23/2005,1:00 AM,FALSE,FALSE,ACADEMIC CALENDAR
Children's Summer Institute,5/24/2005,1:00 AM,5/24/2005,1:00 AM,FALSE,FALSE,ACADEMIC CALENDAR
Children's Summer Institute,5/25/2005,1:00 AM,5/25/2005,1:00 AM,FALSE,FALSE,ACADEMIC CALENDAR
Children's Summer Institute,5/26/2005,1:00 AM,5/26/2005,1:00 AM,FALSE,FALSE,ACADEMIC CALENDAR
Children's Summer Institute,5/27/2005,1:00 AM,5/27/2005,1:00 AM,FALSE,FALSE,ACADEMIC CALENDAR
Chile Program Informational Meeting 5th Floor Conf.,11/11/2004,1:00 PM,11/11/2004,2:00 PM,FALSE,FALSE,STUDENT ACTIVITIES
Christian Law Society Rm 426 ,10/19/2004,12:00 PM,10/19/2004,1:00 PM,FALSE,FALSE,STUDENT ACTIVITIES
Christian Law Society Rm 426 ,10/26/2004,12:00 PM,10/26/2004,1:00 PM,FALSE,FALSE,STUDENT ACTIVITIES
Christian Law Society Rm 426 ,10/26/2004,12:00 PM,10/26/2004,1:00 PM,FALSE,FALSE,STUDENT ACTIVITIES
Christian Law Society Rm 426 ,11/2/2004,12:00 PM,11/2/2004,1:00 PM,FALSE,FALSE,STUDENT ACTIVITIES
Christian Law Society Rm 426 ,11/2/2004,12:00 PM,11/2/2004,1:00 PM,FALSE,FALSE,STUDENT ACTIVITIES
Christian Law Society Rm 426 ,11/9/2004,12:00 PM,11/9/2004,1:00 PM,FALSE,FALSE,STUDENT ACTIVITIES
Christian Law Society Rm 426 ,11/9/2004,12:00 PM,11/9/2004,1:00 PM,FALSE,FALSE,STUDENT ACTIVITIES
Christian Law Society Rm 426 ,11/16/2004,12:00 PM,11/16/2004,1:00 PM,FALSE,FALSE,STUDENT ACTIVITIES
Christian Law Society Rm 426 ,11/16/2004,12:00 PM,11/16/2004,1:00 PM,FALSE,FALSE,STUDENT ACTIVITIES
Christian Law Society Rm 426 ,11/23/2004,12:00 PM,11/23/2004,1:00 PM,FALSE,FALSE,STUDENT ACTIVITIES
Christian Law Society Rm 426 ,11/23/2004,12:00 PM,11/23/2004,1:00 PM,FALSE,FALSE,STUDENT ACTIVITIES
Christian Law Society Rm 426 ,11/30/2004,12:00 PM,11/30/2004,1:00 PM,FALSE,FALSE,STUDENT ACTIVITIES
Christian Law Society Rm 426 ,11/30/2004,12:00 PM,11/30/2004,1:00 PM,FALSE,FALSE,STUDENT ACTIVITIES
Christine Garcia - How to be a Political Activist Using your Professional Degree  - Room 260 Maguire Hall ,10/6/2005,4:00 PM,10/6/2005,5:00 PM,FALSE,FALSE,PROGRAMS/EVENTS
Christmas Holiday - Law School Closed,12/23/2004,1:00 AM,12/23/2004,1:00 AM,FALSE,FALSE,PROGRAMS/EVENTS
Christmas Holiday - Law School Closed,12/24/2004,1:00 AM,12/24/2004,1:00 AM,FALSE,FALSE,PROGRAMS/EVENTS
Christmas Holiday - Law School Closed,12/25/2004,1:00 AM,12/25/2004,1:00 AM,FALSE,FALSE,PROGRAMS/EVENTS
Christmas Holiday - Law School Closed,12/26/2004,1:00 AM,12/26/2004,1:00 AM,FALSE,FALSE,
CHRISTMAS HOLIDAY - OFFICES CLOSED,12/23/2005,1:00 AM,12/23/2005,1:00 AM,FALSE,FALSE,
CHRISTMAS HOLIDAY - OFFICES CLOSED,12/24/2005,1:00 AM,12/24/2005,1:00 AM,FALSE,FALSE,
CHRISTMAS HOLIDAY - OFFICES CLOSED,12/25/2005,1:00 AM,12/25/2005,1:00 AM,FALSE,FALSE,
CHRISTMAS HOLIDAY - OFFICES CLOSED,12/26/2005,1:00 AM,12/26/2005,1:00 AM,FALSE,FALSE,
Circle of Advocates Luncheon - Nick's Fishmarket,12/2/2004,12:00 PM,12/2/2004,2:00 PM,FALSE,FALSE,PROGRAMS/EVENTS
Civ Pro Review (Rm 110),11/30/2004,12:00 PM,11/30/2004,2:00 PM,FALSE,FALSE,STUDENT ACTIVITIES
Civ Pro Review (Rm 110),12/2/2004,1:00 PM,12/2/2004,8:00 PM,FALSE,FALSE,STUDENT ACTIVITIES
Civil Procedure (Rm 110),11/17/2004,1:00 PM,11/17/2004,2:00 PM,FALSE,FALSE,STUDENT ACTIVITIES
Civil Procedure Review (Room 160),11/30/2004,10:00 AM,11/30/2004,11:00 AM,FALSE,FALSE,ACADEMIC CALENDAR
Civil Procedure Review Session (Rm 324),11/22/2004,2:00 PM,11/22/2004,3:00 PM,FALSE,FALSE,STUDENT ACTIVITIES
Civil Procedure Tutoring Session (Rm 140),11/12/2004,11:00 AM,11/12/2004,12:00 PM,FALSE,FALSE,STUDENT ACTIVITIES
Civitas ChildLaw and Education Institute - William Koski Distinguished Visiting Professor Stanford Law School  ,11/15/2005,1:00 AM,11/15/2005,1:00 AM,FALSE,FALSE,PROGRAMS/EVENTS
Civitas ChildLaw and Education Institute - William Koski Distinguished Visiting Professor Stanford Law School  ,11/16/2005,1:00 AM,11/16/2005,1:00 AM,FALSE,FALSE,PROGRAMS/EVENTS
Civitas ChildLaw and Education Institute - William Koski Distinguished Visiting Professor Stanford Law School  ,11/17/2005,1:00 AM,11/17/2005,1:00 AM,FALSE,FALSE,
CLASSES BEGIN,8/22/2005,1:00 AM,8/22/2005,1:00 AM,FALSE,FALSE,ACADEMIC CALENDAR
CLR Event (Room 160),12/2/2004,6:30 PM,12/2/2004,9:00 PM,FALSE,FALSE,STUDENT ACTIVITIES
CLS Meeting (Rm 426),10/18/2004,9:00 AM,10/18/2004,10:00 AM,FALSE,FALSE,STUDENT ACTIVITIES
CLS Meeting (Rm 426),10/25/2004,9:00 AM,10/25/2004,10:00 AM,FALSE,FALSE,STUDENT ACTIVITIES
CLS Meeting (Rm 426),11/1/2004,9:00 AM,11/1/2004,10:00 AM,FALSE,FALSE,STUDENT ACTIVITIES
CLS Meeting (Rm 426),11/8/2004,9:00 AM,11/8/2004,10:00 AM,FALSE,FALSE,STUDENT ACTIVITIES
CLS Meeting (Rm 426),11/15/2004,9:00 AM,11/15/2004,10:00 AM,FALSE,FALSE,STUDENT ACTIVITIES
CLS Meeting (Rm 426),11/22/2004,9:00 AM,11/22/2004,10:00 AM,FALSE,FALSE,STUDENT ACTIVITIES
CLS Meeting (Rm 426),11/29/2004,9:00 AM,11/29/2004,10:00 AM,FALSE,FALSE,STUDENT ACTIVITIES
Coffey Office Hours Rm 160,10/20/2004,3:00 PM,10/20/2004,4:00 PM,FALSE,FALSE,STUDENT ACTIVITIES
Coffey Office Hours Rm 160,10/27/2004,3:00 PM,10/27/2004,4:00 PM,FALSE,FALSE,STUDENT ACTIVITIES
Coffey Office Hours Rm 160,11/3/2004,3:00 PM,11/3/2004,4:00 PM,FALSE,FALSE,STUDENT ACTIVITIES
Coffey Office Hours Rm 160,11/10/2004,3:00 PM,11/10/2004,4:00 PM,FALSE,FALSE,STUDENT ACTIVITIES
Coffey's Office Hours (Rm 332),10/18/2004,3:00 PM,10/18/2004,4:00 PM,FALSE,FALSE,STUDENT ACTIVITIES
Coffey's Office Hours (Rm 332),10/25/2004,3:00 PM,10/25/2004,4:00 PM,FALSE,FALSE,STUDENT ACTIVITIES
Coffey's Office Hours (Rm 332),11/1/2004,3:00 PM,11/1/2004,4:00 PM,FALSE,FALSE,STUDENT ACTIVITIES
Coffey's Office Hours (Rm 332),11/8/2004,3:00 PM,11/8/2004,4:00 PM,FALSE,FALSE,STUDENT ACTIVITIES
Coffey's Office Hours (Rm 332),11/15/2004,3:00 PM,11/15/2004,4:00 PM,FALSE,FALSE,STUDENT ACTIVITIES
Coffey's Office Hours (Rm 332),11/22/2004,3:00 PM,11/22/2004,4:00 PM,FALSE,FALSE,STUDENT ACTIVITIES
Collins' Office Hours (Rm 160),10/18/2004,4:00 PM,10/18/2004,6:00 PM,FALSE,FALSE,STUDENT ACTIVITIES
Collins' Office Hours (Rm 160),10/25/2004,4:00 PM,10/25/2004,6:00 PM,FALSE,FALSE,STUDENT ACTIVITIES
Collins' Office Hours (Rm 160),11/1/2004,4:00 PM,11/1/2004,6:00 PM,FALSE,FALSE,STUDENT ACTIVITIES
Collins' Office Hours (Rm 160),11/8/2004,4:00 PM,11/8/2004,6:00 PM,FALSE,FALSE,STUDENT ACTIVITIES
Collins' Office Hours (Rm 160),11/15/2004,4:00 PM,11/15/2004,6:00 PM,FALSE,FALSE,STUDENT ACTIVITIES
Committee on Community Relations,11/16/2004,8:30 AM,11/16/2004,9:30 AM,FALSE,FALSE,STUDENT ACTIVITIES
Committee on Community Relations - Room 301,10/6/2005,8:30 AM,10/6/2005,1:00 AM,FALSE,FALSE,
Community Relations Meeting Room 240,11/16/2004,8:30 AM,11/16/2004,9:30 AM,FALSE,FALSE,STUDENT ACTIVITIES
Corboys (Rm 160),11/21/2004,10:00 AM,11/21/2004,2:00 PM,FALSE,FALSE,STUDENT ACTIVITIES
Corboys (Rm 160),11/28/2004,10:00 AM,11/28/2004,2:00 PM,FALSE,FALSE,STUDENT ACTIVITIES
Coupet Review Session (Room 240),12/6/2004,10:00 AM,12/6/2004,1:00 PM,FALSE,FALSE,
Coupet -Video Int'l & Comparative Family Law (Room 260),2/3/2005,5:00 PM,2/3/2005,7:00 PM,FALSE,FALSE,ACADEMIC CALENDAR
Crim Law Review (Room 160),12/2/2004,10:00 AM,12/2/2004,11:00 AM,FALSE,FALSE,ACADEMIC CALENDAR
Criminal Law Review (Rm 110),11/4/2004,1:00 PM,11/4/2004,2:00 PM,FALSE,FALSE,STUDENT ACTIVITIES
Criminal Law Review (Rm 110),11/18/2004,1:00 PM,11/18/2004,2:00 PM,FALSE,FALSE,STUDENT ACTIVITIES
CTA U-Pass Distribution (First Year and Returning Students) - Room L14,8/22/2005,2:00 PM,8/22/2005,5:00 PM,FALSE,FALSE,STUDENT ACTIVITIES
CTA U-Pass Distribution (First Year and Returning Students) - Room L14,8/23/2005,2:00 PM,8/23/2005,6:00 PM,FALSE,FALSE,STUDENT ACTIVITIES
CTA U-Pass Distribution (First Year and Returning Students) - Room L14,8/24/2005,3:00 PM,8/24/2005,6:00 PM,FALSE,FALSE,STUDENT ACTIVITIES
Danko Office Hours Rm 320,10/21/2004,1:00 PM,10/21/2004,2:00 PM,FALSE,FALSE,STUDENT ACTIVITIES
Danko Office Hours Rm 320,10/28/2004,1:00 PM,10/28/2004,2:00 PM,FALSE,FALSE,STUDENT ACTIVITIES
Danko Office Hours Rm 320,11/4/2004,1:00 PM,11/4/2004,2:00 PM,FALSE,FALSE,STUDENT ACTIVITIES
Danko Office Hours Rm 320,11/11/2004,1:00 PM,11/11/2004,2:00 PM,FALSE,FALSE,STUDENT ACTIVITIES
Danko Office Hours Rm 320,11/18/2004,1:00 PM,11/18/2004,2:00 PM,FALSE,FALSE,STUDENT ACTIVITIES
Dates to withdraw with W - January 22-February 4,1/22/2005,1:00 AM,1/22/2005,1:00 AM,FALSE,FALSE,
Dean Candidate--Open Meeting with Students (Rm 140),1/20/2005,2:00 PM,1/20/2005,3:00 PM,FALSE,FALSE,PROGRAMS/EVENTS
Dean Search Candidate (McConnaughay)Open Student Meeting (Room 140)),1/18/2005,4:45 PM,1/18/2005,5:25 PM,FALSE,FALSE,PROGRAMS/EVENTS
Deans' Roundtable,11/11/2004,5:30 PM,11/11/2004,6:30 PM,FALSE,FALSE,STUDENT ACTIVITIES
Dean's Roundtable  4:00 p.m. - Room 160; and 5:30 p.m. Room 260,3/3/2005,1:00 AM,3/3/2005,1:00 AM,FALSE,FALSE,
Deans' Roundtable  4:00 p.m. (Room 324) and 5:30 p.m. (Room 160) ,4/5/2005,1:00 AM,4/5/2005,1:00 AM,FALSE,FALSE,
Deans' Roundtable - 5:30 p.m. Room 240,2/2/2005,1:00 AM,2/2/2005,1:00 AM,FALSE,FALSE,
Deans' Roundtable - Evening Students Faculty Lounge,11/4/2004,5:30 PM,11/4/2004,6:30 PM,FALSE,FALSE,
Deans' Roundtdable - Day Students Room 140,11/1/2004,4:00 PM,11/1/2004,5:00 PM,FALSE,FALSE,
Development Meeting (Room 322),1/25/2005,11:00 AM,1/25/2005,1:00 PM,FALSE,FALSE,FACULTY & STAFF
Diaz Office Hours Rm 426,10/20/2004,4:00 PM,10/20/2004,5:00 PM,FALSE,FALSE,STUDENT ACTIVITIES
Diaz Office Hours Rm 426,10/21/2004,4:00 PM,10/21/2004,5:00 PM,FALSE,FALSE,STUDENT ACTIVITIES
Diaz Office Hours Rm 426,10/27/2004,4:00 PM,10/27/2004,5:00 PM,FALSE,FALSE,STUDENT ACTIVITIES
Diaz Office Hours Rm 426,10/28/2004,4:00 PM,10/28/2004,5:00 PM,FALSE,FALSE,STUDENT ACTIVITIES
Diaz Office Hours Rm 426,11/3/2004,4:00 PM,11/3/2004,5:00 PM,FALSE,FALSE,STUDENT ACTIVITIES
Diaz Office Hours Rm 426,11/4/2004,4:00 PM,11/4/2004,5:00 PM,FALSE,FALSE,STUDENT ACTIVITIES
Diaz Office Hours Rm 426,11/10/2004,4:00 PM,11/10/2004,5:00 PM,FALSE,FALSE,STUDENT ACTIVITIES
Diaz Office Hours Rm 426,11/11/2004,4:00 PM,11/11/2004,5:00 PM,FALSE,FALSE,STUDENT ACTIVITIES
Diaz Office Hours Rm 426,11/17/2004,4:00 PM,11/17/2004,5:00 PM,FALSE,FALSE,STUDENT ACTIVITIES
Diaz Office Hours Rm 426,11/18/2004,4:00 PM,11/18/2004,5:00 PM,FALSE,FALSE,STUDENT ACTIVITIES
Diaz Office Hours Rm. 426,10/19/2004,4:00 PM,10/19/2004,5:00 PM,FALSE,FALSE,STUDENT ACTIVITIES
Diaz Office Hours Rm. 426,10/26/2004,4:00 PM,10/26/2004,5:00 PM,FALSE,FALSE,STUDENT ACTIVITIES
Diaz Office Hours Rm. 426,11/2/2004,4:00 PM,11/2/2004,5:00 PM,FALSE,FALSE,STUDENT ACTIVITIES
Diaz Office Hours Rm. 426,11/9/2004,4:00 PM,11/9/2004,5:00 PM,FALSE,FALSE,STUDENT ACTIVITIES
Diaz Office Hours Rm. 426,11/16/2004,4:00 PM,11/16/2004,5:00 PM,FALSE,FALSE,STUDENT ACTIVITIES
Diaz Office Hours Rm. 426,11/23/2004,4:00 PM,11/23/2004,5:00 PM,FALSE,FALSE,STUDENT ACTIVITIES
Discover Loyola,3/19/2005,9:00 AM,3/19/2005,3:00 PM,FALSE,FALSE,
Discover Loyola,4/1/2005,9:00 AM,4/1/2005,3:00 PM,FALSE,FALSE,
Discover Loyola,4/25/2005,9:00 AM,4/25/2005,3:00 PM,FALSE,FALSE,
Diversity Reception - Rubloff Auditorium,9/1/2005,5:00 PM,9/1/2005,7:00 PM,FALSE,FALSE,PROGRAMS/EVENTS
Dr. Frank Wu - Open Discussion Faculty Lounge,2/7/2005,1:00 PM,2/7/2005,3:00 PM,FALSE,FALSE,PROGRAMS/EVENTS
Dr. Martin Luther King Jr./Norman C. Amaker Celebration - Kasbeer Hall - Guest Speaker Christopher Benson ,1/18/2006,5:00 PM,1/18/2006,7:00 PM,FALSE,FALSE,PROGRAMS/EVENTS
EASTER,3/27/2005,1:00 AM,3/27/2005,1:00 AM,FALSE,FALSE,
Engelking Office Hours Rm 230,10/19/2004,2:00 PM,10/19/2004,3:00 PM,FALSE,FALSE,STUDENT ACTIVITIES
Engelking Office Hours Rm 230,10/26/2004,2:00 PM,10/26/2004,3:00 PM,FALSE,FALSE,STUDENT ACTIVITIES
Engelking Office Hours Rm 230,11/2/2004,2:00 PM,11/2/2004,3:00 PM,FALSE,FALSE,STUDENT ACTIVITIES
Engelking Office Hours Rm 230,11/9/2004,2:00 PM,11/9/2004,3:00 PM,FALSE,FALSE,STUDENT ACTIVITIES
Engelking Office Hours Rm 230,11/16/2004,2:00 PM,11/16/2004,3:00 PM,FALSE,FALSE,STUDENT ACTIVITIES
Engelking Office Hours Rm 230,11/23/2004,2:00 PM,11/23/2004,3:00 PM,FALSE,FALSE,STUDENT ACTIVITIES
EXAMS BEGIN,5/8/2006,1:00 AM,5/8/2006,1:00 AM,FALSE,FALSE,
EXAMS END,5/19/2006,1:00 AM,5/19/2006,1:00 AM,FALSE,FALSE,
Faculty Academic Policies Committee (5th Floor Conf.),10/28/2004,11:00 AM,10/28/2004,12:00 PM,FALSE,FALSE,FACULTY & STAFF
Faculty Candidate Luncheon 5th Floor Conf Room,10/28/2004,1:00 PM,10/28/2004,2:00 PM,FALSE,FALSE,FACULTY & STAFF
Faculty Candidate Presentation Room 240,10/28/2004,12:00 PM,10/28/2004,1:00 PM,FALSE,FALSE,FACULTY & STAFF
Faculty Committee Meeting,11/5/2004,1:00 PM,11/5/2004,3:00 PM,FALSE,FALSE,FACULTY & STAFF
Faculty Committee Meeting (5th Floor Conf.),10/29/2004,1:00 PM,10/29/2004,3:00 PM,FALSE,FALSE,FACULTY & STAFF
Faculty Meeting - Rubloff Reception,1/24/2006,12:00 PM,1/24/2006,2:00 PM,FALSE,FALSE,FACULTY & STAFF
Faculty Meeting - Rubloff Reception,2/7/2006,12:00 PM,2/7/2006,2:00 PM,FALSE,FALSE,FACULTY & STAFF
Faculty Meeting - Rubloff Reception,2/21/2006,12:00 PM,2/21/2006,2:00 PM,FALSE,FALSE,FACULTY & STAFF
Faculty Meeting - Rubloff Reception,3/7/2006,12:00 PM,3/7/2006,2:00 PM,FALSE,FALSE,FACULTY & STAFF
Faculty Meeting - Rubloff Reception,3/21/2006,12:00 PM,3/21/2006,2:00 PM,FALSE,FALSE,FACULTY & STAFF
Faculty Meeting - Rubloff Reception,4/4/2006,12:00 PM,4/4/2006,2:00 PM,FALSE,FALSE,FACULTY & STAFF
Faculty Meeting - Rubloff Reception,4/18/2006,12:00 PM,4/18/2006,2:00 PM,FALSE,FALSE,FACULTY & STAFF
Faculty Meeting - Rubloff Reception,5/2/2006,12:00 PM,5/2/2006,2:00 PM,FALSE,FALSE,FACULTY & STAFF
Faculty Meeting (Room 140),12/2/2004,2:00 PM,12/2/2004,4:00 PM,FALSE,FALSE,FACULTY & STAFF
Faculty Recruiting (5th Floor Conf.),11/1/2004,12:00 PM,11/1/2004,2:00 PM,FALSE,FALSE,FACULTY & STAFF
Faith Based Group - 508 Law Library,9/23/2005,2:00 PM,9/23/2005,3:00 PM,FALSE,FALSE,PROGRAMS/EVENTS
Faith Based Group (Room 332),12/10/2004,2:00 PM,12/10/2004,3:00 PM,FALSE,FALSE,STUDENT ACTIVITIES
Faith Based Group (Room 332),1/28/2005,2:00 PM,1/28/2005,3:00 PM,FALSE,FALSE,STUDENT ACTIVITIES
Faith-Based Group (Rm 332),11/12/2004,2:00 PM,11/12/2004,3:00 PM,FALSE,FALSE,STUDENT ACTIVITIES
Famous Trials (Rm 110) ,3/14/2005,5:00 PM,3/14/2005,7:00 PM,FALSE,FALSE,STUDENT ACTIVITIES
Famous Trials (Rm 110) ,3/16/2005,5:00 PM,3/16/2005,7:00 PM,FALSE,FALSE,STUDENT ACTIVITIES
Famous Trials Reception (Faculty Lounge),3/14/2005,7:00 PM,3/14/2005,9:00 PM,FALSE,FALSE,STUDENT ACTIVITIES
Famous Trials Reception (Faculty Lounge),3/16/2005,6:00 PM,3/16/2005,9:00 PM,FALSE,FALSE,STUDENT ACTIVITIES
Fed. Tax Review (Rm 260),12/7/2004,10:00 AM,12/7/2004,12:00 PM,FALSE,FALSE,STUDENT ACTIVITIES
"Federal Bar Association ""Taxes and the Undocumented"" - Rubloff Auditorium",1/27/2005,3:00 PM,1/27/2005,7:00 PM,FALSE,FALSE,
Federalist Society Meeting (Rm 110),11/2/2004,5:00 PM,11/2/2004,6:00 PM,FALSE,FALSE,STUDENT ACTIVITIES
Finals,12/7/2004,1:00 AM,12/7/2004,1:00 AM,FALSE,FALSE,ACADEMIC CALENDAR
Finals,12/8/2004,1:00 AM,12/8/2004,1:00 AM,FALSE,FALSE,ACADEMIC CALENDAR
Finals,12/9/2004,1:00 AM,12/9/2004,1:00 AM,FALSE,FALSE,ACADEMIC CALENDAR
Finals,12/10/2004,1:00 AM,12/10/2004,1:00 AM,FALSE,FALSE,ACADEMIC CALENDAR
Finals,12/11/2004,1:00 AM,12/11/2004,1:00 AM,FALSE,FALSE,ACADEMIC CALENDAR
Finals,12/13/2004,1:00 AM,12/13/2004,1:00 AM,FALSE,FALSE,ACADEMIC CALENDAR
Finals,12/14/2004,1:00 AM,12/14/2004,1:00 AM,FALSE,FALSE,ACADEMIC CALENDAR
Finals,12/15/2004,1:00 AM,12/15/2004,1:00 AM,FALSE,FALSE,ACADEMIC CALENDAR
Finals,12/16/2004,1:00 AM,12/16/2004,1:00 AM,FALSE,FALSE,ACADEMIC CALENDAR
Finals,12/17/2004,1:00 AM,12/17/2004,1:00 AM,FALSE,FALSE,ACADEMIC CALENDAR
FINALS,5/9/2005,1:00 AM,5/9/2005,1:00 AM,FALSE,FALSE,ACADEMIC CALENDAR
FINALS,5/10/2005,1:00 AM,5/10/2005,1:00 AM,FALSE,FALSE,ACADEMIC CALENDAR
FINALS,5/11/2005,1:00 AM,5/11/2005,1:00 AM,FALSE,FALSE,ACADEMIC CALENDAR
FINALS,5/12/2005,1:00 AM,5/12/2005,1:00 AM,FALSE,FALSE,ACADEMIC CALENDAR
FINALS,5/13/2005,1:00 AM,5/13/2005,1:00 AM,FALSE,FALSE,ACADEMIC CALENDAR
FINALS,5/14/2005,1:00 AM,5/14/2005,1:00 AM,FALSE,FALSE,ACADEMIC CALENDAR
FINALS,5/15/2005,1:00 AM,5/15/2005,1:00 AM,FALSE,FALSE,ACADEMIC CALENDAR
FINALS,5/16/2005,1:00 AM,5/16/2005,1:00 AM,FALSE,FALSE,ACADEMIC CALENDAR
FINALS,5/17/2005,1:00 AM,5/17/2005,1:00 AM,FALSE,FALSE,ACADEMIC CALENDAR
FINALS,5/18/2005,1:00 AM,5/18/2005,1:00 AM,FALSE,FALSE,ACADEMIC CALENDAR
FINALS,12/5/2005,1:00 AM,12/5/2005,1:00 AM,FALSE,FALSE,ACADEMIC CALENDAR
FINALS,12/6/2005,1:00 AM,12/6/2005,1:00 AM,FALSE,FALSE,ACADEMIC CALENDAR
FINALS,12/7/2005,1:00 AM,12/7/2005,1:00 AM,FALSE,FALSE,ACADEMIC CALENDAR
FINALS,12/8/2005,1:00 AM,12/8/2005,1:00 AM,FALSE,FALSE,ACADEMIC CALENDAR
FINALS,12/9/2005,1:00 AM,12/9/2005,1:00 AM,FALSE,FALSE,ACADEMIC CALENDAR
FINALS,12/10/2005,1:00 AM,12/10/2005,1:00 AM,FALSE,FALSE,ACADEMIC CALENDAR
FINALS,12/11/2005,1:00 AM,12/11/2005,1:00 AM,FALSE,FALSE,ACADEMIC CALENDAR
FINALS,12/12/2005,1:00 AM,12/12/2005,1:00 AM,FALSE,FALSE,ACADEMIC CALENDAR
FINALS,12/13/2005,1:00 AM,12/13/2005,1:00 AM,FALSE,FALSE,ACADEMIC CALENDAR
FINALS,12/14/2005,1:00 AM,12/14/2005,1:00 AM,FALSE,FALSE,ACADEMIC CALENDAR
FINALS,12/15/2005,1:00 AM,12/15/2005,1:00 AM,FALSE,FALSE,ACADEMIC CALENDAR
FINALS,12/16/2005,1:00 AM,12/16/2005,1:00 AM,FALSE,FALSE,ACADEMIC CALENDAR
FINALS,12/17/2005,1:00 AM,12/17/2005,1:00 AM,FALSE,FALSE,ACADEMIC CALENDAR
FIRST DAY OF ALL OTHER CLASSES - SECOND SEMESTER,1/17/2006,1:00 AM,1/17/2006,1:00 AM,FALSE,FALSE,
First Day of Saturday Classes,1/14/2006,1:00 AM,1/14/2006,1:00 AM,FALSE,FALSE,
First Year Career Resources Orientation (Mandatory for 1Ls) - Rubloff Auditorium,10/26/2004,12:00 PM,10/26/2004,2:00 PM,FALSE,FALSE,
First Year Career Resources Orientation (Mandatory for 1Ls) - Rubloff Auditorium,10/27/2004,5:00 PM,10/27/2004,7:00 PM,FALSE,FALSE,PROGRAMS/EVENTS
First Year Dinner PT/EVENING SECTION - Kasbeer Hall,9/20/2005,5:30 PM,9/20/2005,7:00 PM,FALSE,FALSE,STUDENT ACTIVITIES
First Year Dinner SECTION 1 - Kasbeer Hall,9/8/2005,5:30 PM,9/8/2005,7:00 PM,FALSE,FALSE,STUDENT ACTIVITIES
First Year Dinner SECTION 2 - Kasbeer Hall,9/27/2005,5:30 PM,9/27/2005,7:00 PM,FALSE,FALSE,STUDENT ACTIVITIES
First Year Dinner SECTION 3 - Kasbeer Hall,9/15/2005,5:30 PM,9/15/2005,7:00 PM,FALSE,FALSE,STUDENT ACTIVITIES
First Year Orientation - Locker Assignments/photos,8/10/2005,9:00 AM,8/10/2005,6:00 PM,FALSE,FALSE,STUDENT ACTIVITIES
First Year Orientation - Locker Assignments/photos,8/11/2005,9:00 AM,8/11/2005,6:00 PM,FALSE,FALSE,STUDENT ACTIVITIES
First Year Orientation - Locker Assignments/photos,8/12/2005,9:00 AM,8/12/2005,6:00 PM,FALSE,FALSE,STUDENT ACTIVITIES
First Year Orientation - Locker Assignments/Photos,8/15/2005,9:00 AM,8/15/2005,6:00 PM,FALSE,FALSE,STUDENT ACTIVITIES
First Year Public Service Job Search - Room 110,11/9/2004,12:00 PM,11/9/2004,1:00 PM,FALSE,FALSE,PROGRAMS/EVENTS
First Year Public Service Job Search - Rubloff Auditorium,11/8/2005,12:00 PM,11/8/2005,1:00 PM,FALSE,FALSE,PROGRAMS/EVENTS
Fr. Overbeck Course Review (Rm 354),12/8/2004,12:30 PM,12/8/2004,2:30 PM,FALSE,FALSE,ACADEMIC CALENDAR
Friday Classes,12/2/2004,1:00 AM,12/2/2004,1:00 AM,FALSE,FALSE,ACADEMIC CALENDAR
FRIDAY CLASSES,5/4/2005,1:00 AM,5/4/2005,1:00 AM,FALSE,FALSE,ACADEMIC CALENDAR
Frischmann Review (Rm 260),12/3/2004,10:00 AM,12/3/2004,12:30 PM,FALSE,FALSE,ACADEMIC CALENDAR
Frye Office Hours Rm 230,10/19/2004,1:00 PM,10/19/2004,2:00 PM,FALSE,FALSE,STUDENT ACTIVITIES
Frye Office Hours Rm 230,10/21/2004,1:00 PM,10/21/2004,2:00 PM,FALSE,FALSE,STUDENT ACTIVITIES
Frye Office Hours Rm 230,10/26/2004,1:00 PM,10/26/2004,2:00 PM,FALSE,FALSE,STUDENT ACTIVITIES
Frye Office Hours Rm 230,10/28/2004,1:00 PM,10/28/2004,2:00 PM,FALSE,FALSE,STUDENT ACTIVITIES
Frye Office Hours Rm 230,11/2/2004,1:00 PM,11/2/2004,2:00 PM,FALSE,FALSE,STUDENT ACTIVITIES
Frye Office Hours Rm 230,11/4/2004,1:00 PM,11/4/2004,2:00 PM,FALSE,FALSE,STUDENT ACTIVITIES
Frye Office Hours Rm 230,11/9/2004,1:00 PM,11/9/2004,2:00 PM,FALSE,FALSE,STUDENT ACTIVITIES
Frye Office Hours Rm 230,11/11/2004,1:00 PM,11/11/2004,2:00 PM,FALSE,FALSE,STUDENT ACTIVITIES
Frye Office Hours Rm 230,11/16/2004,1:00 PM,11/16/2004,2:00 PM,FALSE,FALSE,STUDENT ACTIVITIES
Frye Office Hours Rm 230,11/18/2004,1:00 PM,11/18/2004,2:00 PM,FALSE,FALSE,STUDENT ACTIVITIES
Frye Office Hours Rm 230,11/23/2004,1:00 PM,11/23/2004,2:00 PM,FALSE,FALSE,STUDENT ACTIVITIES
Geraghty ConLaw I Intro/Overview Session w/Tutor (Rm 110),1/20/2005,1:00 PM,1/20/2005,2:00 PM,FALSE,FALSE,ACADEMIC CALENDAR
Good Bye McGuire Hall (Dean Jean's Office),4/28/2005,5:00 PM,4/28/2005,9:00 PM,FALSE,FALSE,FACULTY & STAFF
GOOD FRIDAY- NO CLASSES- BUILDING CLOSED,4/14/2006,1:00 AM,4/14/2006,1:00 AM,FALSE,FALSE,
Graduation - Lake Shore Campus,5/21/2005,4:00 PM,5/21/2005,1:00 AM,FALSE,FALSE,PROGRAMS/EVENTS
Grogan / Lunch (5th Fl. Conference Room),12/3/2004,11:00 AM,12/3/2004,1:00 PM,FALSE,FALSE,FACULTY & STAFF
Grogan / Provena (Room 324),12/3/2004,1:00 PM,12/3/2004,3:00 PM,FALSE,FALSE,
Gruszka's Office Hours (Rm 322),10/18/2004,3:00 PM,10/18/2004,5:00 PM,FALSE,FALSE,STUDENT ACTIVITIES
Gruszka's Office Hours (Rm 322),10/25/2004,3:00 PM,10/25/2004,5:00 PM,FALSE,FALSE,STUDENT ACTIVITIES
Gruszka's Office Hours (Rm 322),11/1/2004,3:00 PM,11/1/2004,5:00 PM,FALSE,FALSE,STUDENT ACTIVITIES
Gruszka's Office Hours (Rm 322),11/8/2004,3:00 PM,11/8/2004,5:00 PM,FALSE,FALSE,STUDENT ACTIVITIES
Gruszka's Office Hours (Rm 322),11/15/2004,3:00 PM,11/15/2004,5:00 PM,FALSE,FALSE,STUDENT ACTIVITIES
Gruszka's Office Hours (Rm 322),11/22/2004,3:00 PM,11/22/2004,5:00 PM,FALSE,FALSE,STUDENT ACTIVITIES
Half Baked Ideas - Faculty Lounge,11/17/2005,12:00 PM,11/17/2005,2:00 PM,FALSE,FALSE,FACULTY & STAFF
Half-Baked Ideas Workshop - 13th Floor Faculty Lounge,9/27/2005,12:00 PM,9/27/2005,1:00 PM,FALSE,FALSE,FACULTY & STAFF
Half-baked Ideas Workshop - 13th Floor Faculty Lounge,10/25/2005,12:00 PM,10/25/2005,1:00 PM,FALSE,FALSE,FACULTY & STAFF
Hawke Office Hours Rm 320,10/19/2004,2:00 PM,10/19/2004,3:00 PM,FALSE,FALSE,STUDENT ACTIVITIES
Hawke Office Hours Rm 320,10/26/2004,2:00 PM,10/26/2004,3:00 PM,FALSE,FALSE,STUDENT ACTIVITIES
Hawke Office Hours Rm 320,11/2/2004,2:00 PM,11/2/2004,3:00 PM,FALSE,FALSE,STUDENT ACTIVITIES
Hawke Office Hours Rm 320,11/9/2004,2:00 PM,11/9/2004,3:00 PM,FALSE,FALSE,STUDENT ACTIVITIES
Hawke Office Hours Rm 320,11/16/2004,2:00 PM,11/16/2004,3:00 PM,FALSE,FALSE,STUDENT ACTIVITIES
Hawke Office Hours Rm 320,11/23/2004,2:00 PM,11/23/2004,3:00 PM,FALSE,FALSE,STUDENT ACTIVITIES
Hawke's Office Hours (Rm 320),10/18/2004,3:00 PM,10/18/2004,4:00 PM,FALSE,FALSE,STUDENT ACTIVITIES
Hawke's Office Hours (Rm 320),10/25/2004,3:00 PM,10/25/2004,4:00 PM,FALSE,FALSE,STUDENT ACTIVITIES
Hawke's Office Hours (Rm 320),11/1/2004,3:00 PM,11/1/2004,4:00 PM,FALSE,FALSE,STUDENT ACTIVITIES
Hawke's Office Hours (Rm 320),11/8/2004,3:00 PM,11/8/2004,4:00 PM,FALSE,FALSE,STUDENT ACTIVITIES
Hawke's Office Hours (Rm 320),11/15/2004,3:00 PM,11/15/2004,4:00 PM,FALSE,FALSE,STUDENT ACTIVITIES
Hawke's Office Hours (Rm 320),11/22/2004,3:00 PM,11/22/2004,4:00 PM,FALSE,FALSE,STUDENT ACTIVITIES
Health Law Society Intro to Health Law Panel (Rm 240),11/18/2004,5:00 PM,11/18/2004,6:00 PM,FALSE,FALSE,STUDENT ACTIVITIES
Health Law Society Meeting (Rm 240),11/1/2004,5:00 PM,11/1/2004,6:00 PM,FALSE,FALSE,STUDENT ACTIVITIES
Herring's Office Hours (Rm 322),10/18/2004,1:00 PM,10/18/2004,3:00 PM,FALSE,FALSE,STUDENT ACTIVITIES
Herring's Office Hours (Rm 322),10/25/2004,1:00 PM,10/25/2004,3:00 PM,FALSE,FALSE,STUDENT ACTIVITIES
Herring's Office Hours (Rm 322),11/1/2004,1:00 PM,11/1/2004,3:00 PM,FALSE,FALSE,STUDENT ACTIVITIES
Herring's Office Hours (Rm 322),11/8/2004,1:00 PM,11/8/2004,3:00 PM,FALSE,FALSE,STUDENT ACTIVITIES
Herring's Office Hours (Rm 322),11/15/2004,1:00 PM,11/15/2004,3:00 PM,FALSE,FALSE,STUDENT ACTIVITIES
Herring's Office Hours (Rm 322),11/22/2004,1:00 PM,11/22/2004,3:00 PM,FALSE,FALSE,STUDENT ACTIVITIES
Hinner Office Hours Rm 320,10/20/2004,12:00 PM,10/20/2004,1:00 PM,FALSE,FALSE,STUDENT ACTIVITIES
Hinner Office Hours Rm 320,10/27/2004,12:00 PM,10/27/2004,1:00 PM,FALSE,FALSE,STUDENT ACTIVITIES
Hinner Office Hours Rm 320,11/3/2004,12:00 PM,11/3/2004,1:00 PM,FALSE,FALSE,STUDENT ACTIVITIES
Hinner Office Hours Rm 320,11/10/2004,12:00 PM,11/10/2004,1:00 PM,FALSE,FALSE,STUDENT ACTIVITIES
Hinner Office Hours Rm 320,11/17/2004,12:00 PM,11/17/2004,1:00 PM,FALSE,FALSE,STUDENT ACTIVITIES
HL Moot Ct (Rm 160),11/1/2004,6:00 PM,11/1/2004,7:00 PM,FALSE,FALSE,STUDENT ACTIVITIES
HL Moot Ct (Rm 160),11/8/2004,6:00 PM,11/8/2004,7:00 PM,FALSE,FALSE,STUDENT ACTIVITIES
HL Moot Ct (Rm 230),11/3/2004,7:00 PM,11/3/2004,9:00 PM,FALSE,FALSE,STUDENT ACTIVITIES
HL Moot Ct (Rm 230),11/6/2004,11:00 AM,11/6/2004,1:30 PM,FALSE,FALSE,STUDENT ACTIVITIES
HL Moot Ct (Rm 230),11/7/2004,11:00 AM,11/7/2004,1:00 PM,FALSE,FALSE,STUDENT ACTIVITIES
HL Moot Ct (Rm 240),11/5/2004,5:30 PM,11/5/2004,7:00 PM,FALSE,FALSE,STUDENT ACTIVITIES
How to Write a Legal Resume and Cover Letter - Room 110,11/16/2004,12:00 PM,11/16/2004,1:00 PM,FALSE,FALSE,ACADEMIC CALENDAR
How to Write a Legal Resume and Cover Letter (Rm 110) ,11/17/2004,5:00 PM,11/17/2004,6:00 PM,FALSE,FALSE,PROGRAMS/EVENTS
Howlett Adv. Evidence Review(Room 140),12/3/2004,5:00 PM,12/3/2004,7:00 PM,FALSE,FALSE,ACADEMIC CALENDAR
HR 677 Presentation (Rm 354),11/13/2004,11:00 AM,11/13/2004,5:00 PM,FALSE,FALSE,STUDENT ACTIVITIES
HUNGER WEEK,10/24/2005,1:00 AM,10/24/2005,1:00 AM,FALSE,FALSE,
HUNGER WEEK,10/25/2005,1:00 AM,10/25/2005,1:00 AM,FALSE,FALSE,
HUNGER WEEK,10/26/2005,1:00 AM,10/26/2005,1:00 AM,FALSE,FALSE,
HUNGER WEEK,10/27/2005,1:00 AM,10/27/2005,1:00 AM,FALSE,FALSE,
HUNGER WEEK,10/28/2005,1:00 AM,10/28/2005,1:00 AM,FALSE,FALSE,
HUNGER WEEK,10/29/2005,1:00 AM,10/29/2005,1:00 AM,FALSE,FALSE,
IBT Review / Moses (Room 324),12/11/2004,1:00 PM,12/11/2004,2:00 PM,FALSE,FALSE,ACADEMIC CALENDAR
ILS Speaker on the Ukraine Elections (Room 110),2/23/2005,5:00 PM,2/23/2005,6:00 PM,FALSE,FALSE,STUDENT ACTIVITIES
Immigration Law Seminar - Kasbeer Hall,11/10/2004,4:00 PM,11/10/2004,6:00 PM,FALSE,FALSE,PROGRAMS/EVENTS
Income Tax Review (Rm 110),12/6/2004,4:00 PM,12/6/2004,6:00 PM,FALSE,FALSE,STUDENT ACTIVITIES
Income Tax Review (Rm 110),12/6/2004,6:00 PM,12/6/2004,8:00 PM,FALSE,FALSE,STUDENT ACTIVITIES
Institute for Health Law Colloquium,11/10/2005,7:30 AM,11/10/2005,2:00 PM,FALSE,FALSE,PROGRAMS/EVENTS
International Law Review Conference,2/24/2005,1:00 AM,2/24/2005,1:00 AM,FALSE,FALSE,PROGRAMS/EVENTS
International Law Review Conference,2/25/2005,1:00 AM,2/25/2005,1:00 AM,FALSE,FALSE,
International Law Review Symposium,2/16/2006,5:00 PM,2/16/2006,1:00 AM,FALSE,FALSE,PROGRAMS/EVENTS
International Law Review Symposium ,2/17/2006,9:00 AM,2/17/2006,3:00 PM,FALSE,FALSE,PROGRAMS/EVENTS
International Law Society Meeting (Rm 140),11/8/2004,1:00 PM,11/8/2004,2:00 PM,FALSE,FALSE,STUDENT ACTIVITIES
Intraschool Moot Court Competition - Rubloff,2/1/2005,5:00 PM,2/1/2005,10:00 PM,FALSE,FALSE,STUDENT ACTIVITIES
Intraschool Moot Court Competition Information Mtg. (Rm 110),11/17/2004,12:00 PM,11/17/2004,1:00 PM,FALSE,FALSE,STUDENT ACTIVITIES
Intraschool Moot Court Competition--No Other Reservations,1/28/2005,4:30 PM,1/28/2005,9:00 PM,FALSE,FALSE,STUDENT ACTIVITIES
Intra-School Moot Court Competition--Semi Final Round (Rooms 160 and 260),2/1/2005,5:00 PM,2/1/2005,6:30 PM,FALSE,FALSE,STUDENT ACTIVITIES
IP Brown Bag Lunch - Room 324,4/22/2005,12:00 PM,4/22/2005,1:00 PM,FALSE,FALSE,PROGRAMS/EVENTS
IP Colloquium Reception - Faculty Lounge,1/18/2005,4:00 PM,1/18/2005,5:30 PM,FALSE,FALSE,PROGRAMS/EVENTS
IP Pre Presentation Sessions (Room 110),2/8/2005,4:15 PM,2/8/2005,5:30 PM,FALSE,FALSE,ACADEMIC CALENDAR
IP Pre Presentation Sessions (Room 110),2/22/2005,4:15 PM,2/22/2005,5:30 PM,FALSE,FALSE,ACADEMIC CALENDAR
IP Pre Presentation Sessions (Room 110),3/22/2005,4:15 PM,3/22/2005,5:30 PM,FALSE,FALSE,ACADEMIC CALENDAR
IP Pre Presentation Sessions (Room 110),4/5/2005,4:15 PM,4/5/2005,5:30 PM,FALSE,FALSE,ACADEMIC CALENDAR
IP Pre Presentation Sessions (Room 110),4/19/2005,4:15 PM,4/19/2005,5:30 PM,FALSE,FALSE,ACADEMIC CALENDAR
IPLS (Room 322),11/15/2004,5:00 PM,11/15/2004,6:00 PM,FALSE,FALSE,STUDENT ACTIVITIES
IPLS General Meeting (Room 140),2/3/2005,1:00 PM,2/3/2005,2:00 PM,FALSE,FALSE,STUDENT ACTIVITIES
IPLS Meeting (Room 260),11/22/2004,5:00 PM,11/22/2004,6:00 PM,FALSE,FALSE,STUDENT ACTIVITIES
J. Kim Office Hours Rm 426,10/20/2004,10:00 AM,10/20/2004,11:00 AM,FALSE,FALSE,STUDENT ACTIVITIES
J. Kim Office Hours Rm 426,10/27/2004,10:00 AM,10/27/2004,11:00 AM,FALSE,FALSE,STUDENT ACTIVITIES
J. Kim Office Hours Rm 426,11/3/2004,10:00 AM,11/3/2004,11:00 AM,FALSE,FALSE,STUDENT ACTIVITIES
J. Kim Office Hours Rm 426,11/10/2004,10:00 AM,11/10/2004,11:00 AM,FALSE,FALSE,STUDENT ACTIVITIES
J. Kim Office Hours Rm 426,11/17/2004,10:00 AM,11/17/2004,11:00 AM,FALSE,FALSE,STUDENT ACTIVITIES
J. Kim's Office Hours (Rm 426),10/18/2004,10:00 AM,10/18/2004,11:00 AM,FALSE,FALSE,STUDENT ACTIVITIES
J. Kim's Office Hours (Rm 426),10/25/2004,10:00 AM,10/25/2004,11:00 AM,FALSE,FALSE,STUDENT ACTIVITIES
J. Kim's Office Hours (Rm 426),11/1/2004,10:00 AM,11/1/2004,11:00 AM,FALSE,FALSE,STUDENT ACTIVITIES
J. Kim's Office Hours (Rm 426),11/8/2004,10:00 AM,11/8/2004,11:00 AM,FALSE,FALSE,STUDENT ACTIVITIES
J. Kim's Office Hours (Rm 426),11/15/2004,10:00 AM,11/15/2004,11:00 AM,FALSE,FALSE,STUDENT ACTIVITIES
J. Kim's Office Hours (Rm 426),11/22/2004,10:00 AM,11/22/2004,11:00 AM,FALSE,FALSE,STUDENT ACTIVITIES
Job Search Strategies* (Includes OCI Orientation) - Kasbeer Hall,8/18/2005,5:15 PM,8/18/2005,6:45 PM,FALSE,FALSE,PROGRAMS/EVENTS
Job Search Strategies* (Includes OCI Orientation) - Rubloff Auditorium,8/22/2005,12:00 PM,8/22/2005,1:30 PM,FALSE,FALSE,
Journals Banquet - Kasbeer Hall,4/26/2006,5:00 PM,4/26/2006,7:00 PM,FALSE,FALSE,PROGRAMS/EVENTS
Judicial Clerkship Panel - Room 110,3/22/2005,12:00 PM,3/22/2005,1:00 PM,FALSE,FALSE,PROGRAMS/EVENTS
Judicial Conference Taping (Rm 160),12/3/2004,1:00 AM,12/3/2004,1:00 AM,TRUE,FALSE,STUDENT ACTIVITIES
Kelly Office Hours Rm 320,10/20/2004,3:00 PM,10/20/2004,4:00 PM,FALSE,FALSE,STUDENT ACTIVITIES
Kelly Office Hours Rm 320,10/27/2004,3:00 PM,10/27/2004,4:00 PM,FALSE,FALSE,STUDENT ACTIVITIES
Kelly Office Hours Rm 320,11/3/2004,3:00 PM,11/3/2004,4:00 PM,FALSE,FALSE,STUDENT ACTIVITIES
Kelly Office Hours Rm 320,11/10/2004,3:00 PM,11/10/2004,4:00 PM,FALSE,FALSE,STUDENT ACTIVITIES
Kelly Office Hours Rm 320,11/17/2004,3:00 PM,11/17/2004,4:00 PM,FALSE,FALSE,STUDENT ACTIVITIES
Kwall Review (Rm 140),12/7/2004,2:00 PM,12/7/2004,4:00 PM,FALSE,FALSE,ACADEMIC CALENDAR
L. Peeters Office Hours Rm 322,10/20/2004,11:00 AM,10/20/2004,12:00 PM,FALSE,FALSE,STUDENT ACTIVITIES
L. Peeters Office Hours Rm 322,10/27/2004,11:00 AM,10/27/2004,12:00 PM,FALSE,FALSE,STUDENT ACTIVITIES
L. Peeters Office Hours Rm 322,11/3/2004,11:00 AM,11/3/2004,12:00 PM,FALSE,FALSE,STUDENT ACTIVITIES
L. Peeters Office Hours Rm 322,11/10/2004,11:00 AM,11/10/2004,12:00 PM,FALSE,FALSE,STUDENT ACTIVITIES
L. Peeters Office Hours Rm 322,11/17/2004,11:00 AM,11/17/2004,12:00 PM,FALSE,FALSE,STUDENT ACTIVITIES
LABOR DAY - NO CLASSES,9/5/2005,1:00 AM,9/5/2005,1:00 AM,FALSE,FALSE,ACADEMIC CALENDAR
Lammers Office Hours Rm 330,10/21/2004,2:00 PM,10/21/2004,3:00 PM,FALSE,FALSE,STUDENT ACTIVITIES
Lammers Office Hours Rm 330,10/28/2004,2:00 PM,10/28/2004,3:00 PM,FALSE,FALSE,STUDENT ACTIVITIES
Lammers Office Hours Rm 330,11/4/2004,2:00 PM,11/4/2004,3:00 PM,FALSE,FALSE,STUDENT ACTIVITIES
Lammers Office Hours Rm 330,11/11/2004,2:00 PM,11/11/2004,3:00 PM,FALSE,FALSE,STUDENT ACTIVITIES
Lammers Office Hours Rm 330,11/18/2004,2:00 PM,11/18/2004,3:00 PM,FALSE,FALSE,STUDENT ACTIVITIES
LAST FRIDAY CLASSES,5/3/2006,1:00 AM,5/3/2006,1:00 AM,FALSE,FALSE,
LAST MONDAY CLASSES,5/1/2006,1:00 AM,5/1/2006,1:00 AM,FALSE,FALSE,
LAST SATURDAY CLASSES,4/29/2006,1:00 AM,4/29/2006,1:00 AM,FALSE,FALSE,
LAST THURSDAY CLASSES,5/2/2006,1:00 AM,5/2/2006,1:00 AM,FALSE,FALSE,
LAST TUESDAY CLASSES,4/25/2006,1:00 AM,4/25/2006,1:00 AM,FALSE,FALSE,
Last Tuesday of Classes ,11/23/2004,1:00 AM,11/23/2004,1:00 AM,FALSE,FALSE,ACADEMIC CALENDAR
LAST WEDNESDAY CLASSES,4/26/2006,1:00 AM,4/26/2006,1:00 AM,FALSE,FALSE,
Late Registration/Change of Registration - January 15-21 2005,1/15/2005,1:00 AM,1/15/2005,1:00 AM,FALSE,FALSE,
Law & Literature Program - Rubloff Auditorium,9/12/2005,5:00 PM,9/12/2005,7:00 PM,FALSE,FALSE,PROGRAMS/EVENTS
Law Alumni Gathering with Father Garanzini University Club ,11/10/2004,4:30 PM,11/10/2004,1:00 AM,FALSE,FALSE,PROGRAMS/EVENTS
Law Alumni Reunion & Awards Dinner - Westin River North,10/22/2005,1:00 AM,10/22/2005,1:00 AM,FALSE,FALSE,PROGRAMS/EVENTS
Law Donor/Student Reception - TBA ,2/17/2005,5:00 PM,2/17/2005,1:00 AM,FALSE,FALSE,PROGRAMS/EVENTS
Law Faculty Meeting - Rubloff Reception Area,9/6/2005,12:00 PM,9/6/2005,2:00 PM,FALSE,FALSE,FACULTY & STAFF
Law Faculty Meeting - Rubloff Reception Area,9/20/2005,12:00 PM,9/20/2005,2:00 PM,FALSE,FALSE,
Law Faculty Meeting - Rubloff Reception Area,10/4/2005,12:00 PM,10/4/2005,2:00 PM,FALSE,FALSE,
Law Faculty Meeting - Rubloff Reception Area,10/18/2005,12:00 PM,10/18/2005,2:00 PM,FALSE,FALSE,
Law Faculty Meeting - Rubloff Reception Area,11/1/2005,12:00 PM,11/1/2005,2:00 PM,FALSE,FALSE,
Law Faculty Meeting - Rubloff Reception Area,11/15/2005,12:00 PM,11/15/2005,2:00 PM,FALSE,FALSE,
Law Faculty Meeting - Rubloff Reception Area,11/29/2005,12:00 PM,11/29/2005,2:00 PM,FALSE,FALSE,
Law Faculty Meeting- Rubloff Reception Area ,12/6/2005,12:00 PM,12/6/2005,2:00 PM,FALSE,FALSE,
Law Faculty Workshop/Presentation - Rubloff Reception,9/13/2005,12:30 PM,9/13/2005,2:00 PM,FALSE,FALSE,FACULTY & STAFF
Law Faculty Workshop/Presentation - Rubloff Reception,11/8/2005,12:00 PM,11/8/2005,2:00 PM,FALSE,FALSE,FACULTY & STAFF
Law Faculty Workshop/Presentation - Rubloff Reception,12/13/2005,12:00 PM,12/13/2005,1:00 AM,FALSE,FALSE,FACULTY & STAFF
Law Faculty Workshop/Presentation - Rubloff Reception ,10/11/2005,12:00 PM,10/11/2005,2:00 PM,FALSE,FALSE,FACULTY & STAFF
Law Journal Conference - Kasbeer Hall,3/31/2006,5:00 PM,3/31/2006,1:00 AM,FALSE,FALSE,PROGRAMS/EVENTS
Law Journal Conference - Rubloff Auditorium/Kasbeer Hall,4/1/2006,9:00 AM,4/1/2006,5:00 PM,FALSE,FALSE,PROGRAMS/EVENTS
"Law Journal Conference ""Death & Dying:  An Examination of End of Life Issues 30 Years After Quinlan",4/8/2005,6:00 PM,4/8/2005,1:00 AM,FALSE,FALSE,PROGRAMS/EVENTS
"Law Journal Conference ""Death & Dying:  An Examination of End of Life Issues 30 Years After Quinlan",4/9/2005,10:00 AM,4/9/2005,5:00 PM,FALSE,FALSE,PROGRAMS/EVENTS
LAW JOURNAL CONFRENCE - 5:00 p.m. Faculty Lounge,4/7/2005,1:00 AM,4/7/2005,1:00 AM,FALSE,FALSE,PROGRAMS/EVENTS
Law Journal Reading Committee (Rm 260),11/29/2004,5:00 PM,11/29/2004,6:00 PM,FALSE,FALSE,STUDENT ACTIVITIES
Law School Closed,1/1/2005,1:00 AM,1/1/2005,1:00 AM,FALSE,FALSE,
Law School Closed,1/2/2005,1:00 AM,1/2/2005,1:00 AM,FALSE,FALSE,
Law School Faculty/Staff Luncheon,4/29/2005,12:00 PM,4/29/2005,2:00 PM,FALSE,FALSE,FACULTY & STAFF
Law School Family Day - Kasbeer Hall ,10/23/2005,1:00 PM,10/23/2005,3:00 PM,FALSE,FALSE,PROGRAMS/EVENTS
Law School Family Day - Room 110,10/24/2004,1:00 PM,10/24/2004,3:00 PM,FALSE,FALSE,
LAW SCHOOL GRADUATION - Lake Shore Campus,5/20/2006,4:00 PM,5/20/2006,1:00 AM,FALSE,FALSE,PROGRAMS/EVENTS
Law Student Activities Fair - Kasbeer Hall,9/1/2005,4:30 PM,9/1/2005,6:30 PM,FALSE,FALSE,STUDENT ACTIVITIES
Legal Writing (Reddick) (Conference Room),1/18/2005,7:00 PM,1/18/2005,9:00 PM,FALSE,FALSE,ACADEMIC CALENDAR
Legal Writing Class/Collins (Room 332),1/19/2005,7:00 PM,1/19/2005,9:00 PM,FALSE,FALSE,ACADEMIC CALENDAR
Legal Writing Make up Class (Kelly) Room 354,1/19/2005,5:00 PM,1/19/2005,7:00 PM,FALSE,FALSE,ACADEMIC CALENDAR
Lehrer Remedies Review (Room 140),12/4/2004,8:45 AM,12/4/2004,10:00 AM,FALSE,FALSE,
Leighton's Office Hours (Rm 330),10/18/2004,3:00 PM,10/18/2004,5:00 PM,FALSE,FALSE,STUDENT ACTIVITIES
Leighton's Office Hours (Rm 330),10/25/2004,3:00 PM,10/25/2004,5:00 PM,FALSE,FALSE,STUDENT ACTIVITIES
Leighton's Office Hours (Rm 330),11/1/2004,3:00 PM,11/1/2004,5:00 PM,FALSE,FALSE,STUDENT ACTIVITIES
Leighton's Office Hours (Rm 330),11/8/2004,3:00 PM,11/8/2004,5:00 PM,FALSE,FALSE,STUDENT ACTIVITIES
Leighton's Office Hours (Rm 330),11/15/2004,3:00 PM,11/15/2004,5:00 PM,FALSE,FALSE,STUDENT ACTIVITIES
Leighton's Office Hours (Rm 330),11/22/2004,3:00 PM,11/22/2004,5:00 PM,FALSE,FALSE,STUDENT ACTIVITIES
Levy/Legal Writing,1/28/2005,11:00 AM,1/28/2005,1:00 PM,FALSE,FALSE,ACADEMIC CALENDAR
Levy/Legal Writing,2/4/2005,11:00 AM,2/4/2005,1:00 PM,FALSE,FALSE,ACADEMIC CALENDAR
Levy/Legal Writing,2/11/2005,11:00 AM,2/11/2005,1:00 PM,FALSE,FALSE,ACADEMIC CALENDAR
Levy/Legal Writing,2/18/2005,11:00 AM,2/18/2005,1:00 PM,FALSE,FALSE,ACADEMIC CALENDAR
Levy/Legal Writing,2/25/2005,11:00 AM,2/25/2005,1:00 PM,FALSE,FALSE,ACADEMIC CALENDAR
Levy/Legal Writing,3/4/2005,11:00 AM,3/4/2005,1:00 PM,FALSE,FALSE,ACADEMIC CALENDAR
Levy/Legal Writing,3/11/2005,11:00 AM,3/11/2005,1:00 PM,FALSE,FALSE,ACADEMIC CALENDAR
Levy/Legal Writing,3/18/2005,11:00 AM,3/18/2005,1:00 PM,FALSE,FALSE,ACADEMIC CALENDAR
Levy/Legal Writing,3/25/2005,11:00 AM,3/25/2005,1:00 PM,FALSE,FALSE,ACADEMIC CALENDAR
Levy/Legal Writing,4/1/2005,11:00 AM,4/1/2005,1:00 PM,FALSE,FALSE,ACADEMIC CALENDAR
Levy/Legal Writing,4/8/2005,11:00 AM,4/8/2005,1:00 PM,FALSE,FALSE,ACADEMIC CALENDAR
Levy/Legal Writing,4/15/2005,11:00 AM,4/15/2005,1:00 PM,FALSE,FALSE,ACADEMIC CALENDAR
Levy/Legal Writing,4/22/2005,11:00 AM,4/22/2005,1:00 PM,FALSE,FALSE,ACADEMIC CALENDAR
Levy/Legal Writing,4/29/2005,11:00 AM,4/29/2005,1:00 PM,FALSE,FALSE,ACADEMIC CALENDAR
Locke Review (Room 240),12/3/2004,2:00 PM,12/3/2004,4:00 PM,FALSE,FALSE,
Locker Distribution for Returning Students - Room L14,8/18/2005,2:00 PM,8/18/2005,6:00 PM,FALSE,FALSE,STUDENT ACTIVITIES
Locker Distribution for Returning Students - Room L14,8/19/2005,2:00 PM,8/19/2005,6:00 PM,FALSE,FALSE,STUDENT ACTIVITIES
Locker Distribution for Returning Students - Room L14,8/22/2005,2:00 PM,8/22/2005,5:00 PM,FALSE,FALSE,STUDENT ACTIVITIES
Locker Distribution for Returning Students - Room L14,8/23/2005,2:00 PM,8/23/2005,6:00 PM,FALSE,FALSE,STUDENT ACTIVITIES
Lockers Moved to 25 East Pearson,6/6/2005,1:00 AM,6/6/2005,1:00 AM,FALSE,FALSE,PROGRAMS/EVENTS
Loyola MLK Jr. Day Celebration - Kasbeer Hall,1/19/2005,5:30 PM,1/19/2005,8:30 PM,FALSE,FALSE,PROGRAMS/EVENTS
LW Conferences (Rm 332),11/6/2004,11:00 AM,11/6/2004,3:00 PM,FALSE,FALSE,STUDENT ACTIVITIES
Maguire Hall 3rd Floor moves to 25 East Pearson Floors 13 & 14 ,6/10/2005,1:00 AM,6/10/2005,1:00 AM,FALSE,FALSE,PROGRAMS/EVENTS
Maguire Hall 4th & 5th Floors move to 25 East Pearson 13th & 14th floors.,6/13/2005,1:00 AM,6/13/2005,1:00 AM,FALSE,FALSE,STUDENT ACTIVITIES
Maguire Hall 4th & 5th Floors move to 25 East Pearson 13th & 14th floors.,6/14/2005,1:00 AM,6/14/2005,1:00 AM,FALSE,FALSE,STUDENT ACTIVITIES
Maguire Hall 4th & 5th Floors move to 25 East Pearson 13th & 14th floors.,6/15/2005,1:00 AM,6/15/2005,1:00 AM,FALSE,FALSE,STUDENT ACTIVITIES
Maguire Hall 4th Floor Reg. & Records Space Saver Unit Relocation,6/9/2005,1:00 AM,6/9/2005,1:00 AM,FALSE,FALSE,PROGRAMS/EVENTS
Maguire Hall 4th Floor Reg. & Records Space Saver Unit Relocation,6/10/2005,1:00 AM,6/10/2005,1:00 AM,FALSE,FALSE,PROGRAMS/EVENTS
Maguire Hall 4th Floor Reg. & Records Space Saver Unit Relocation,6/11/2005,1:00 AM,6/11/2005,1:00 AM,FALSE,FALSE,PROGRAMS/EVENTS
Maguire Hall 4th Floor Reg. & Records Space Saver Unit Relocation,6/12/2005,1:00 AM,6/12/2005,1:00 AM,FALSE,FALSE,PROGRAMS/EVENTS
Maguire Hall 4th Floor Reg. & Records Space Saver Unit Relocation,6/13/2005,1:00 AM,6/13/2005,1:00 AM,FALSE,FALSE,PROGRAMS/EVENTS
Maguire Hall 4th Floor Reg. & Records Space Saver Unit Relocation,6/14/2005,1:00 AM,6/14/2005,1:00 AM,FALSE,FALSE,PROGRAMS/EVENTS
Maguire Hall 4th Floor Reg. & Records Space Saver Unit Relocation,6/15/2005,1:00 AM,6/15/2005,1:00 AM,FALSE,FALSE,PROGRAMS/EVENTS
MAKE-UP AND REVIEW DAY,4/13/2006,1:00 AM,4/13/2006,1:00 AM,FALSE,FALSE,
MAKE-UP AND SUPPLEMENTAL CLASSES,12/3/2005,1:00 AM,12/3/2005,1:00 AM,FALSE,FALSE,
MAKE-UP AND SUPPLEMENTAL CLASSES,12/4/2005,1:00 AM,12/4/2005,1:00 AM,FALSE,FALSE,
MAKE-UP DAY AND SUPPLEMENTAL CLASSES,11/29/2005,1:00 AM,11/29/2005,1:00 AM,FALSE,FALSE,ACADEMIC CALENDAR
MAKE-UP DAY FOR NOVEMBER 23 - Wednesday Classes,11/30/2005,1:00 AM,11/30/2005,1:00 AM,FALSE,FALSE,ACADEMIC CALENDAR
MAKE-UP DAY FOR NOVEMBER 24 (Thanksgiving- Thursday Classes),12/1/2005,1:00 AM,12/1/2005,1:00 AM,FALSE,FALSE,ACADEMIC CALENDAR
MAKE-UP DAY FOR NOVEMBER 25 - FRIDAY CLASSES,12/2/2005,1:00 AM,12/2/2005,1:00 AM,FALSE,FALSE,
MAKE-UP DAY FOR SEPTEMBER (Labor Day-Monday classes),11/28/2005,1:00 AM,11/28/2005,1:00 AM,FALSE,FALSE,
Mandatory 1L Public Service Convocation (Day Students) - Rubloff Auditorium,4/5/2005,12:00 PM,4/5/2005,1:30 PM,FALSE,FALSE,PROGRAMS/EVENTS
Mandatory 1L Public Service Convocation (PT/Evening) - Room 110,4/6/2005,5:30 PM,4/6/2005,7:00 PM,FALSE,FALSE,
Mandatory 2L Meeting (Rm 110),11/16/2004,1:00 PM,11/16/2004,2:00 PM,FALSE,FALSE,STUDENT ACTIVITIES
Mandatory 2L Meeting (Rm 110),11/17/2004,6:00 PM,11/17/2004,7:00 PM,FALSE,FALSE,STUDENT ACTIVITIES
Martin Luther King Jr. Holiday- No Classes,1/16/2006,1:00 AM,1/16/2006,1:00 AM,FALSE,FALSE,
Martin Luther King Jr. Holiday--NO CLASSES - Law School Closed,1/17/2005,1:00 AM,1/17/2005,1:00 AM,FALSE,FALSE,ACADEMIC CALENDAR
Mass of the Holy Spirit (Luncheon) - Kasbeer Hall,9/12/2005,11:30 AM,9/12/2005,1:00 PM,FALSE,FALSE,PROGRAMS/EVENTS
Mastny Office Hours Rm 140,10/21/2004,12:00 PM,10/21/2004,1:00 PM,FALSE,FALSE,STUDENT ACTIVITIES
Mastny Office Hours Rm 140,10/28/2004,12:00 PM,10/28/2004,1:00 PM,FALSE,FALSE,STUDENT ACTIVITIES
Mastny Office Hours Rm 140,11/4/2004,12:00 PM,11/4/2004,1:00 PM,FALSE,FALSE,STUDENT ACTIVITIES
Mastny Office Hours Rm 140,11/11/2004,12:00 PM,11/11/2004,1:00 PM,FALSE,FALSE,STUDENT ACTIVITIES
Mastny Office Hours Rm 140,11/18/2004,12:00 PM,11/18/2004,1:00 PM,FALSE,FALSE,STUDENT ACTIVITIES
Mastny Office Hours Rm 230,10/21/2004,11:00 AM,10/21/2004,12:00 PM,FALSE,FALSE,STUDENT ACTIVITIES
Mastny Office Hours Rm 230,10/28/2004,11:00 AM,10/28/2004,12:00 PM,FALSE,FALSE,STUDENT ACTIVITIES
Mastny Office Hours Rm 230,11/4/2004,11:00 AM,11/4/2004,12:00 PM,FALSE,FALSE,STUDENT ACTIVITIES
Mastny Office Hours Rm 230,11/11/2004,11:00 AM,11/11/2004,12:00 PM,FALSE,FALSE,STUDENT ACTIVITIES
Mastny Office Hours Rm 230,11/18/2004,11:00 AM,11/18/2004,12:00 PM,FALSE,FALSE,STUDENT ACTIVITIES
McFadden Int'l Law Review Session (Rm 140),12/3/2004,12:00 PM,12/3/2004,2:00 PM,FALSE,FALSE,ACADEMIC CALENDAR
Medicare/Medicaid: NationalAdvocates Respond to Proposal for Change - Elder Law Initiative,3/3/2005,12:00 PM,3/3/2005,1:30 PM,FALSE,FALSE,
Meet the Public Service Employers Reception - Kasbeer Hall,10/18/2005,4:30 PM,10/18/2005,6:30 PM,FALSE,FALSE,PROGRAMS/EVENTS
Meeting (Rm 240),11/22/2004,5:00 PM,11/22/2004,6:00 PM,FALSE,FALSE,STUDENT ACTIVITIES
Memorial for the mother of Jim Faught(Room 240),12/10/2004,4:00 PM,12/10/2004,5:00 PM,FALSE,FALSE,PROGRAMS/EVENTS
Midwest Public Interest Law Career Conference - Northwestner Law School,2/26/2005,1:00 AM,2/26/2005,1:00 AM,FALSE,FALSE,PROGRAMS/EVENTS
MJ Make-up Class (Rm 334),12/2/2004,7:00 PM,12/2/2004,9:00 PM,FALSE,FALSE,STUDENT ACTIVITIES
MJ Make-up Classes (Rm 334),12/1/2004,7:00 PM,12/1/2004,9:00 PM,FALSE,FALSE,STUDENT ACTIVITIES
MJ Tutors Office Hours Rm 354,10/20/2004,6:00 PM,10/20/2004,7:00 PM,FALSE,FALSE,STUDENT ACTIVITIES
MJ Tutors Office Hours Rm 354,10/27/2004,6:00 PM,10/27/2004,7:00 PM,FALSE,FALSE,STUDENT ACTIVITIES
MJ Tutors Office Hours Rm 354,11/3/2004,6:00 PM,11/3/2004,7:00 PM,FALSE,FALSE,STUDENT ACTIVITIES
MJ Tutors Office Hours Rm 354,11/10/2004,6:00 PM,11/10/2004,7:00 PM,FALSE,FALSE,STUDENT ACTIVITIES
MJ Tutors Office Hours Rm 354,11/17/2004,6:00 PM,11/17/2004,7:00 PM,FALSE,FALSE,STUDENT ACTIVITIES
Moot Court Taping,1/31/2005,4:00 PM,1/31/2005,5:00 PM,FALSE,FALSE,STUDENT ACTIVITIES
Moot Court Try Outs (Room 160),11/17/2004,3:00 PM,11/17/2004,5:00 PM,FALSE,FALSE,STUDENT ACTIVITIES
Murdock Business Org Test Review (Room 110),1/19/2005,5:00 PM,1/19/2005,6:00 PM,FALSE,FALSE,ACADEMIC CALENDAR
Murphy's Office Hours (Rm 230),10/18/2004,12:00 PM,10/18/2004,2:00 PM,FALSE,FALSE,STUDENT ACTIVITIES
Murphy's Office Hours (Rm 230),10/25/2004,12:00 PM,10/25/2004,2:00 PM,FALSE,FALSE,STUDENT ACTIVITIES
Murphy's Office Hours (Rm 230),11/1/2004,12:00 PM,11/1/2004,2:00 PM,FALSE,FALSE,STUDENT ACTIVITIES
Murphy's Office Hours (Rm 230),11/8/2004,12:00 PM,11/8/2004,2:00 PM,FALSE,FALSE,STUDENT ACTIVITIES
Murphy's Office Hours (Rm 230),11/15/2004,12:00 PM,11/15/2004,2:00 PM,FALSE,FALSE,STUDENT ACTIVITIES
Murphy's Office Hours (Rm 230),11/22/2004,12:00 PM,11/22/2004,2:00 PM,FALSE,FALSE,STUDENT ACTIVITIES
National Academy of Elder Law Attorneys - TBA,11/5/2005,9:00 AM,11/5/2005,5:00 PM,FALSE,FALSE,PROGRAMS/EVENTS
Negotiable Instruments Review Session (Rm 354),12/3/2004,9:00 AM,12/3/2004,3:00 PM,FALSE,FALSE,STUDENT ACTIVITIES
New Year's Eve - Law School Closed,12/31/2004,1:00 AM,12/31/2004,1:00 AM,FALSE,FALSE,PROGRAMS/EVENTS
Nicol's Legal Writing (Room 230),11/17/2004,4:00 PM,11/17/2004,5:00 PM,FALSE,FALSE,ACADEMIC CALENDAR
NITA Tentative,10/9/2004,1:00 AM,10/9/2004,1:00 AM,FALSE,FALSE,FACULTY & STAFF
NO CLASSES,11/25/2004,1:00 AM,11/25/2004,1:00 AM,FALSE,FALSE,ACADEMIC CALENDAR
NO CLASSES,11/26/2004,1:00 AM,11/26/2004,1:00 AM,FALSE,FALSE,
No Classes,12/3/2004,1:00 AM,12/3/2004,1:00 AM,FALSE,FALSE,ACADEMIC CALENDAR
NO CLASSES - EASTER BREAK,3/24/2005,1:00 AM,3/24/2005,1:00 AM,FALSE,FALSE,
NO CLASSES - EASTER BREAK,3/25/2005,1:00 AM,3/25/2005,1:00 AM,FALSE,FALSE,
NO CLASSES - EASTER BREAK,3/26/2005,1:00 AM,3/26/2005,1:00 AM,FALSE,FALSE,
NO CLASSES - THANKSGIVING BREAK,11/24/2004,1:00 AM,11/24/2004,1:00 AM,FALSE,FALSE,
NO SATURDAY CLASSES,4/15/2006,1:00 AM,4/15/2006,1:00 AM,FALSE,FALSE,
Oral Arguments (Rm 160),12/1/2004,1:00 PM,12/1/2004,3:00 PM,FALSE,FALSE,STUDENT ACTIVITIES
Orientation/Fundamentals,8/15/2005,1:00 AM,8/15/2005,1:00 AM,FALSE,FALSE,ACADEMIC CALENDAR
Orientation/Fundamentals,8/16/2005,1:00 AM,8/16/2005,1:00 AM,FALSE,FALSE,ACADEMIC CALENDAR
Orientation/Fundamentals,8/17/2005,1:00 AM,8/17/2005,1:00 AM,FALSE,FALSE,ACADEMIC CALENDAR
Orientation/Fundamentals,8/18/2005,1:00 AM,8/18/2005,1:00 AM,FALSE,FALSE,ACADEMIC CALENDAR
Overbec/Mass during law exams (Room 240),5/15/2005,3:30 PM,5/15/2005,5:30 PM,FALSE,FALSE,
Overbeck/Course Review (Room 354),5/6/2005,12:30 PM,5/6/2005,2:30 PM,FALSE,FALSE,ACADEMIC CALENDAR
Overbeck/Mass during law exams (Room 240),5/8/2005,3:30 PM,5/8/2005,5:30 PM,FALSE,FALSE,
Overbeck-Buddhist MeditationRelaxationFocusing (Room 160),12/20/2004,6:00 PM,12/20/2004,8:00 PM,FALSE,FALSE,
Overbeck-Buddhist MeditationRelaxationFocusing (Room 426),1/24/2005,6:00 PM,1/24/2005,8:00 PM,FALSE,FALSE,
Overbeck-MeditationRelaxationFocusing (Room 160),12/13/2004,6:00 PM,12/13/2004,8:00 PM,FALSE,FALSE,
PACHANGA NIGHT! - Kasbeer Hall,4/21/2005,8:00 PM,4/21/2005,11:00 PM,FALSE,FALSE,PROGRAMS/EVENTS
PAD Event (Rm 110),10/30/2004,1:00 PM,10/30/2004,3:00 PM,FALSE,FALSE,STUDENT ACTIVITIES
PAD: McMorrow Award Presentation - Rubloff Auditorium,2/8/2005,6:00 PM,2/8/2005,1:00 AM,FALSE,FALSE,STUDENT ACTIVITIES
Part-Time Faculty Breakfast - Kasbeer Hall ,9/21/2005,8:00 AM,9/21/2005,9:30 AM,FALSE,FALSE,PROGRAMS/EVENTS
Patel Office Hours Rm 426,10/20/2004,1:00 PM,10/20/2004,2:00 PM,FALSE,FALSE,STUDENT ACTIVITIES
Patel Office Hours Rm 426,10/20/2004,3:00 PM,10/20/2004,4:00 PM,FALSE,FALSE,STUDENT ACTIVITIES
Patel Office Hours Rm 426,10/27/2004,1:00 PM,10/27/2004,2:00 PM,FALSE,FALSE,STUDENT ACTIVITIES
Patel Office Hours Rm 426,10/27/2004,3:00 PM,10/27/2004,4:00 PM,FALSE,FALSE,STUDENT ACTIVITIES
Patel Office Hours Rm 426,11/3/2004,1:00 PM,11/3/2004,2:00 PM,FALSE,FALSE,STUDENT ACTIVITIES
Patel Office Hours Rm 426,11/3/2004,3:00 PM,11/3/2004,4:00 PM,FALSE,FALSE,STUDENT ACTIVITIES
Patel Office Hours Rm 426,11/10/2004,1:00 PM,11/10/2004,2:00 PM,FALSE,FALSE,STUDENT ACTIVITIES
Patel Office Hours Rm 426,11/10/2004,3:00 PM,11/10/2004,4:00 PM,FALSE,FALSE,STUDENT ACTIVITIES
Patel Office Hours Rm 426,11/17/2004,1:00 PM,11/17/2004,2:00 PM,FALSE,FALSE,STUDENT ACTIVITIES
Patel Office Hours Rm 426,11/17/2004,3:00 PM,11/17/2004,4:00 PM,FALSE,FALSE,STUDENT ACTIVITIES
Patel Office Hours Rm 5th Floor Conference,10/20/2004,5:00 PM,10/20/2004,6:00 PM,FALSE,FALSE,STUDENT ACTIVITIES
Patel Office Hours Rm 5th Floor Conference,10/27/2004,5:00 PM,10/27/2004,6:00 PM,FALSE,FALSE,STUDENT ACTIVITIES
Patel Office Hours Rm 5th Floor Conference,11/3/2004,5:00 PM,11/3/2004,6:00 PM,FALSE,FALSE,STUDENT ACTIVITIES
Patel Office Hours Rm 5th Floor Conference,11/10/2004,5:00 PM,11/10/2004,6:00 PM,FALSE,FALSE,STUDENT ACTIVITIES
Patel Office Hours Rm 5th Floor Conference,11/17/2004,5:00 PM,11/17/2004,6:00 PM,FALSE,FALSE,STUDENT ACTIVITIES
Patel's Office Hours (Rm 140),10/18/2004,5:00 PM,10/18/2004,6:00 PM,FALSE,FALSE,STUDENT ACTIVITIES
Patel's Office Hours (Rm 140),10/25/2004,5:00 PM,10/25/2004,6:00 PM,FALSE,FALSE,STUDENT ACTIVITIES
Patel's Office Hours (Rm 140),11/1/2004,5:00 PM,11/1/2004,6:00 PM,FALSE,FALSE,STUDENT ACTIVITIES
Patel's Office Hours (Rm 140),11/8/2004,5:00 PM,11/8/2004,6:00 PM,FALSE,FALSE,STUDENT ACTIVITIES
Patel's Office Hours (Rm 140),11/15/2004,5:00 PM,11/15/2004,6:00 PM,FALSE,FALSE,STUDENT ACTIVITIES
Patient Advocacy Forum (Rm 324),4/15/2005,1:00 AM,4/15/2005,1:00 AM,TRUE,FALSE,PROGRAMS/EVENTS
Patient Advocacy Forum (Rm 324),4/16/2005,1:00 AM,4/16/2005,1:00 AM,TRUE,FALSE,PROGRAMS/EVENTS
Paulik's Class (Rm 322),11/2/2004,10:30 AM,11/2/2004,12:30 PM,FALSE,FALSE,STUDENT ACTIVITIES
Peeters' Office Hours (Rm 332),10/18/2004,1:00 PM,10/18/2004,2:00 PM,FALSE,FALSE,STUDENT ACTIVITIES
Peeters' Office Hours (Rm 332),10/25/2004,1:00 PM,10/25/2004,2:00 PM,FALSE,FALSE,STUDENT ACTIVITIES
Peeters' Office Hours (Rm 332),11/1/2004,1:00 PM,11/1/2004,2:00 PM,FALSE,FALSE,STUDENT ACTIVITIES
Peeters' Office Hours (Rm 332),11/8/2004,1:00 PM,11/8/2004,2:00 PM,FALSE,FALSE,STUDENT ACTIVITIES
Peeters' Office Hours (Rm 332),11/15/2004,1:00 PM,11/15/2004,2:00 PM,FALSE,FALSE,STUDENT ACTIVITIES
Peeters' Office Hours (Rm 332),11/22/2004,1:00 PM,11/22/2004,2:00 PM,FALSE,FALSE,STUDENT ACTIVITIES
Perlin/Brendel Legal Writing (Rm 426),1/19/2005,5:30 PM,1/19/2005,7:30 PM,FALSE,FALSE,ACADEMIC CALENDAR
Perlin/Brendel Legal Writing Meetings (Rm 426),1/18/2005,8:00 AM,1/18/2005,9:30 AM,FALSE,FALSE,
PHI DELTA PHI - ETHICS WEEK,2/14/2005,1:00 AM,2/14/2005,1:00 AM,FALSE,FALSE,STUDENT ACTIVITIES
PHI DELTA PHI - ETHICS WEEK,2/15/2005,1:00 AM,2/15/2005,1:00 AM,FALSE,FALSE,STUDENT ACTIVITIES
PHI DELTA PHI - ETHICS WEEK,2/16/2005,1:00 AM,2/16/2005,1:00 AM,FALSE,FALSE,STUDENT ACTIVITIES
Phi Delta Phi Event (Rm 110),11/9/2004,5:00 PM,11/9/2004,6:00 PM,FALSE,FALSE,STUDENT ACTIVITIES
Phi Delta Phi Meeting (5th Floor Conf.),11/16/2004,5:00 PM,11/16/2004,7:00 PM,FALSE,FALSE,STUDENT ACTIVITIES
PILS AUCTION - Kasbeer Hall,3/16/2006,1:00 AM,3/16/2006,1:00 AM,FALSE,FALSE,PROGRAMS/EVENTS
PILS Auction (Kasbeer Hall),3/1/2005,1:00 AM,3/1/2005,1:00 AM,FALSE,FALSE,STUDENT ACTIVITIES
PILS Meeting (Room 110),11/29/2004,12:00 PM,11/29/2004,1:00 PM,FALSE,FALSE,STUDENT ACTIVITIES
PILS Meeting (Room 110),11/30/2004,6:00 PM,11/30/2004,7:00 PM,FALSE,FALSE,STUDENT ACTIVITIES
PILS Meeting (Room 140),11/29/2004,5:00 PM,11/29/2004,6:00 PM,FALSE,FALSE,STUDENT ACTIVITIES
Pre Fall On Campus Interviewing Orientation Mtg (Rm 110),4/12/2005,12:00 PM,4/12/2005,1:00 PM,FALSE,FALSE,PROGRAMS/EVENTS
Pre Fall On Campus Interviewing Orientation Mtg(RM 110),4/13/2005,5:00 PM,4/13/2005,6:00 PM,FALSE,FALSE,
Professional Responsibility Review (Rm 240),12/2/2004,12:00 PM,12/2/2004,2:00 PM,FALSE,FALSE,STUDENT ACTIVITIES
Professional Responsibility S.1/Rosenberg & Crane (room 110),1/25/2005,11:00 AM,1/25/2005,12:00 PM,FALSE,FALSE,ACADEMIC CALENDAR
Professional Responsibility S.1/Rosenberg & Crane (room 110),2/1/2005,11:00 AM,2/1/2005,12:00 PM,FALSE,FALSE,ACADEMIC CALENDAR
Professional Responsibility S.1/Rosenberg & Crane (room 110),2/8/2005,11:00 AM,2/8/2005,12:00 PM,FALSE,FALSE,ACADEMIC CALENDAR
Professional Responsibility S.1/Rosenberg & Crane (room 110),2/15/2005,11:00 AM,2/15/2005,12:00 PM,FALSE,FALSE,ACADEMIC CALENDAR
Professional Responsibility S.1/Rosenberg & Crane (room 110),2/22/2005,11:00 AM,2/22/2005,12:00 PM,FALSE,FALSE,ACADEMIC CALENDAR
Professional Responsibility S.1/Rosenberg & Crane (room 110),3/1/2005,11:00 AM,3/1/2005,12:00 PM,FALSE,FALSE,ACADEMIC CALENDAR
Professional Responsibility S.1/Rosenberg & Crane (room 110),3/8/2005,11:00 AM,3/8/2005,12:00 PM,FALSE,FALSE,ACADEMIC CALENDAR
Professional Responsibility S.1/Rosenberg & Crane (room 110),3/15/2005,11:00 AM,3/15/2005,12:00 PM,FALSE,FALSE,ACADEMIC CALENDAR
Professional Responsibility S.1/Rosenberg & Crane (room 110),3/22/2005,11:00 AM,3/22/2005,12:00 PM,FALSE,FALSE,ACADEMIC CALENDAR
Professional Responsibility S.1/Rosenberg & Crane (room 110),3/29/2005,11:00 AM,3/29/2005,12:00 PM,FALSE,FALSE,ACADEMIC CALENDAR
Professional Responsibility S.1/Rosenberg & Crane (room 110),4/5/2005,11:00 AM,4/5/2005,12:00 PM,FALSE,FALSE,ACADEMIC CALENDAR
Professional Responsibility S.1/Rosenberg & Crane (room 110),4/12/2005,11:00 AM,4/12/2005,12:00 PM,FALSE,FALSE,ACADEMIC CALENDAR
Professional Responsibility S.1/Rosenberg & Crane (room 110),4/19/2005,11:00 AM,4/19/2005,12:00 PM,FALSE,FALSE,ACADEMIC CALENDAR
Professional Responsibility S.1/Rosenberg & Crane (room 110),4/26/2005,11:00 AM,4/26/2005,12:00 PM,FALSE,FALSE,ACADEMIC CALENDAR
Professional Responsibility/Rosenberg & Crane (room 110),1/18/2005,11:00 AM,1/18/2005,12:00 PM,FALSE,FALSE,ACADEMIC CALENDAR
Professional Responsibility/Rosenberg & Crane (Room 110),1/20/2005,11:00 AM,1/20/2005,1:00 PM,FALSE,FALSE,ACADEMIC CALENDAR
Professional Responsibility/Rosenberg & Crane (Room 110),1/27/2005,11:00 AM,1/27/2005,1:00 PM,FALSE,FALSE,ACADEMIC CALENDAR
Professional Responsibility/Rosenberg & Crane (Room 110),2/3/2005,11:00 AM,2/3/2005,1:00 PM,FALSE,FALSE,ACADEMIC CALENDAR
Professional Responsibility/Rosenberg & Crane (Room 110),2/10/2005,11:00 AM,2/10/2005,1:00 PM,FALSE,FALSE,ACADEMIC CALENDAR
Professional Responsibility/Rosenberg & Crane (Room 110),2/17/2005,11:00 AM,2/17/2005,1:00 PM,FALSE,FALSE,ACADEMIC CALENDAR
Professional Responsibility/Rosenberg & Crane (Room 110),2/24/2005,11:00 AM,2/24/2005,1:00 PM,FALSE,FALSE,ACADEMIC CALENDAR
Professional Responsibility/Rosenberg & Crane (Room 110),3/3/2005,11:00 AM,3/3/2005,1:00 PM,FALSE,FALSE,ACADEMIC CALENDAR
Professional Responsibility/Rosenberg & Crane (Room 110),3/17/2005,11:00 AM,3/17/2005,1:00 PM,FALSE,FALSE,ACADEMIC CALENDAR
Professional Responsibility/Rosenberg & Crane (Room 110),3/24/2005,11:00 AM,3/24/2005,1:00 PM,FALSE,FALSE,ACADEMIC CALENDAR
Professional Responsibility/Rosenberg & Crane (Room 110),3/31/2005,11:00 AM,3/31/2005,1:00 PM,FALSE,FALSE,ACADEMIC CALENDAR
Professional Responsibility/Rosenberg & Crane (Room 110),4/7/2005,11:00 AM,4/7/2005,1:00 PM,FALSE,FALSE,ACADEMIC CALENDAR
Professional Responsibility/Rosenberg & Crane (Room 110),4/14/2005,11:00 AM,4/14/2005,1:00 PM,FALSE,FALSE,ACADEMIC CALENDAR
Professional Responsibility/Rosenberg & Crane (Room 110),4/21/2005,11:00 AM,4/21/2005,1:00 PM,FALSE,FALSE,ACADEMIC CALENDAR
Professional Responsibility/Rosenberg & Crane (Room 110),4/28/2005,11:00 AM,4/28/2005,1:00 PM,FALSE,FALSE,ACADEMIC CALENDAR
Professor Jim Forkins Memorial - Rubloff Auditorium,2/3/2005,6:00 PM,2/3/2005,7:30 PM,FALSE,FALSE,PROGRAMS/EVENTS
Professor Johnson's Tax Class--Room 110,11/10/2004,4:00 PM,11/10/2004,5:00 PM,FALSE,FALSE,STUDENT ACTIVITIES
Professor Schoenberger's Con Law Class--Room 110,11/10/2004,5:00 PM,11/10/2004,6:00 PM,FALSE,FALSE,STUDENT ACTIVITIES
Property Review Session (Rm 240),11/12/2004,1:00 PM,11/12/2004,2:00 PM,FALSE,FALSE,STUDENT ACTIVITIES
Purcell-Torts Room 260,11/5/2004,6:00 PM,11/5/2004,8:00 PM,FALSE,FALSE,STUDENT ACTIVITIES
Raphael Crim. Law Review (Rm 160),11/16/2004,4:00 PM,11/16/2004,5:00 PM,FALSE,FALSE,STUDENT ACTIVITIES
Raphael's Make-Up Class (Rm 140),11/17/2004,1:00 PM,11/17/2004,2:00 PM,FALSE,FALSE,STUDENT ACTIVITIES
Reception for Chief Justice Mary Ann McMorrow - University Club ,8/7/2005,2:00 PM,8/7/2005,4:00 PM,FALSE,FALSE,PROGRAMS/EVENTS
Registration Video Presentation (Rm 324),11/18/2004,6:00 PM,11/18/2004,7:00 PM,FALSE,FALSE,STUDENT ACTIVITIES
Registration Video Presentation (Rm 324),11/19/2004,12:00 PM,11/19/2004,1:00 PM,FALSE,FALSE,STUDENT ACTIVITIES
Registration Video Presentation (Rm 354),11/18/2004,2:00 PM,11/18/2004,3:00 PM,FALSE,FALSE,STUDENT ACTIVITIES
Reunion & Alumni Awards Dinner - Westin River North,10/30/2004,5:00 PM,10/30/2004,10:00 PM,FALSE,FALSE,PROGRAMS/EVENTS
Review Session (Rm 324),12/7/2004,5:00 PM,12/7/2004,9:00 PM,FALSE,FALSE,STUDENT ACTIVITIES
Rhodes Make-up Class (Rm 260),12/3/2004,9:00 AM,12/3/2004,10:00 AM,FALSE,FALSE,STUDENT ACTIVITIES
Rizzo Office Hours Rm 260,10/21/2004,1:00 PM,10/21/2004,2:00 PM,FALSE,FALSE,STUDENT ACTIVITIES
Rizzo Office Hours Rm 260,10/28/2004,1:00 PM,10/28/2004,2:00 PM,FALSE,FALSE,STUDENT ACTIVITIES
Rizzo Office Hours Rm 260,11/4/2004,1:00 PM,11/4/2004,2:00 PM,FALSE,FALSE,STUDENT ACTIVITIES
Rizzo Office Hours Rm 260,11/11/2004,1:00 PM,11/11/2004,2:00 PM,FALSE,FALSE,STUDENT ACTIVITIES
Rizzo Office Hours Rm 260,11/18/2004,1:00 PM,11/18/2004,2:00 PM,FALSE,FALSE,STUDENT ACTIVITIES
Rizzo's Office Hours (Rm 426),10/18/2004,2:00 PM,10/18/2004,3:00 PM,FALSE,FALSE,STUDENT ACTIVITIES
Rizzo's Office Hours (Rm 426),10/25/2004,2:00 PM,10/25/2004,3:00 PM,FALSE,FALSE,STUDENT ACTIVITIES
Rizzo's Office Hours (Rm 426),11/1/2004,2:00 PM,11/1/2004,3:00 PM,FALSE,FALSE,STUDENT ACTIVITIES
Rizzo's Office Hours (Rm 426),11/8/2004,2:00 PM,11/8/2004,3:00 PM,FALSE,FALSE,STUDENT ACTIVITIES
Rizzo's Office Hours (Rm 426),11/15/2004,2:00 PM,11/15/2004,3:00 PM,FALSE,FALSE,STUDENT ACTIVITIES
Rizzo's Office Hours (Rm 426),11/22/2004,2:00 PM,11/22/2004,3:00 PM,FALSE,FALSE,STUDENT ACTIVITIES
Rome Info Session Room 240,11/2/2004,11:00 AM,11/2/2004,12:00 PM,FALSE,FALSE,PROGRAMS/EVENTS
Rome Information Session Room 240,11/16/2004,11:00 AM,11/16/2004,12:00 PM,FALSE,FALSE,STUDENT ACTIVITIES
Rome Program Info Room 260,11/3/2004,8:50 PM,11/3/2004,9:50 PM,FALSE,FALSE,PROGRAMS/EVENTS
Rome Program Information (Rm 260),11/17/2004,8:50 PM,11/17/2004,9:50 PM,FALSE,FALSE,STUDENT ACTIVITIES
Rosenbaum's Office Hours (Rm 324),10/18/2004,6:00 PM,10/18/2004,7:00 PM,FALSE,FALSE,STUDENT ACTIVITIES
Rosenbaum's Office Hours (Rm 324),10/25/2004,6:00 PM,10/25/2004,7:00 PM,FALSE,FALSE,STUDENT ACTIVITIES
Rosenbaum's Office Hours (Rm 324),11/1/2004,6:00 PM,11/1/2004,7:00 PM,FALSE,FALSE,STUDENT ACTIVITIES
Rosenbaum's Office Hours (Rm 324),11/8/2004,6:00 PM,11/8/2004,7:00 PM,FALSE,FALSE,STUDENT ACTIVITIES
Rosenbaum's Office Hours (Rm 324),11/15/2004,6:00 PM,11/15/2004,7:00 PM,FALSE,FALSE,STUDENT ACTIVITIES
Rosenbaum's Office Hours (Rm 324),11/22/2004,6:00 PM,11/22/2004,7:00 PM,FALSE,FALSE,STUDENT ACTIVITIES
S. Kim Office Hours Rm 334,10/20/2004,2:00 PM,10/20/2004,3:00 PM,FALSE,FALSE,STUDENT ACTIVITIES
S. Kim Office Hours Rm 334,10/27/2004,2:00 PM,10/27/2004,3:00 PM,FALSE,FALSE,STUDENT ACTIVITIES
S. Kim Office Hours Rm 334,11/3/2004,2:00 PM,11/3/2004,3:00 PM,FALSE,FALSE,STUDENT ACTIVITIES
S. Kim Office Hours Rm 334,11/10/2004,2:00 PM,11/10/2004,3:00 PM,FALSE,FALSE,STUDENT ACTIVITIES
S. Kim Office Hours Rm 334,11/17/2004,2:00 PM,11/17/2004,3:00 PM,FALSE,FALSE,STUDENT ACTIVITIES
S. Smith Office Hours Rm 320,10/20/2004,11:00 AM,10/20/2004,12:00 PM,FALSE,FALSE,STUDENT ACTIVITIES
S. Smith Office Hours Rm 320,10/27/2004,11:00 AM,10/27/2004,12:00 PM,FALSE,FALSE,STUDENT ACTIVITIES
S. Smith Office Hours Rm 320,11/3/2004,11:00 AM,11/3/2004,12:00 PM,FALSE,FALSE,STUDENT ACTIVITIES
S. Smith Office Hours Rm 320,11/10/2004,11:00 AM,11/10/2004,12:00 PM,FALSE,FALSE,STUDENT ACTIVITIES
S. Smith Office Hours Rm 320,11/17/2004,11:00 AM,11/17/2004,12:00 PM,FALSE,FALSE,STUDENT ACTIVITIES
Salas Damiano Office Hours Rm 330,10/22/2004,1:00 PM,10/22/2004,3:00 PM,FALSE,FALSE,STUDENT ACTIVITIES
Salas Damiano Office Hours Rm 330,10/29/2004,1:00 PM,10/29/2004,3:00 PM,FALSE,FALSE,STUDENT ACTIVITIES
Salas Damiano Office Hours Rm 330,11/5/2004,1:00 PM,11/5/2004,3:00 PM,FALSE,FALSE,STUDENT ACTIVITIES
Salas Damiano Office Hours Rm 330,11/12/2004,1:00 PM,11/12/2004,3:00 PM,FALSE,FALSE,STUDENT ACTIVITIES
Salas Damiano Office Hours Rm 330,11/19/2004,1:00 PM,11/19/2004,3:00 PM,FALSE,FALSE,STUDENT ACTIVITIES
Sanders' Office Hours (5th Floor Conf.),10/18/2004,5:00 PM,10/18/2004,6:00 PM,FALSE,FALSE,STUDENT ACTIVITIES
Sanders' Office Hours (5th Floor Conf.),10/25/2004,5:00 PM,10/25/2004,6:00 PM,FALSE,FALSE,STUDENT ACTIVITIES
Sanders' Office Hours (5th Floor Conf.),11/1/2004,5:00 PM,11/1/2004,6:00 PM,FALSE,FALSE,STUDENT ACTIVITIES
Sanders' Office Hours (5th Floor Conf.),11/8/2004,5:00 PM,11/8/2004,6:00 PM,FALSE,FALSE,STUDENT ACTIVITIES
Sanders' Office Hours (5th Floor Conf.),11/15/2004,5:00 PM,11/15/2004,6:00 PM,FALSE,FALSE,STUDENT ACTIVITIES
Sanders' Office Hours (5th Floor Conf.),11/22/2004,5:00 PM,11/22/2004,6:00 PM,FALSE,FALSE,STUDENT ACTIVITIES
SATURDAY CLASSES BEGIN,1/15/2005,1:00 AM,1/15/2005,1:00 AM,FALSE,FALSE,ACADEMIC CALENDAR
SBA Blood Drive (Rm 160),11/19/2004,1:00 AM,11/19/2004,1:00 AM,TRUE,FALSE,STUDENT ACTIVITIES
SBA Blood Drive (Room 160),1/20/2005,12:00 PM,1/20/2005,6:30 PM,FALSE,FALSE,STUDENT ACTIVITIES
SBA Boat Cruise,9/16/2005,1:00 AM,9/16/2005,1:00 AM,FALSE,FALSE,
Section 2 Tutor Review (Rm 110),11/10/2004,11:00 AM,11/10/2004,12:00 PM,FALSE,FALSE,STUDENT ACTIVITIES
SEction 3 Group Tutor Session (Rm 240),11/9/2004,1:00 PM,11/9/2004,2:00 PM,FALSE,FALSE,STUDENT ACTIVITIES
Senior Staff Meeting Faculty Lounge,10/4/2004,9:00 AM,10/4/2004,10:00 AM,FALSE,FALSE,FACULTY & STAFF
Senior Staff Meeting Faculty Lounge,10/11/2004,9:00 AM,10/11/2004,10:00 AM,FALSE,FALSE,FACULTY & STAFF
Senior Staff Meeting Faculty Lounge,10/18/2004,9:00 AM,10/18/2004,10:00 AM,FALSE,FALSE,FACULTY & STAFF
Senior Staff Meeting Faculty Lounge,10/25/2004,9:00 AM,10/25/2004,10:00 AM,FALSE,FALSE,FACULTY & STAFF
Shoenberger Con Law II Review Session (Room 260),12/10/2004,5:00 PM,12/10/2004,6:00 PM,FALSE,FALSE,ACADEMIC CALENDAR
Shoenberger ConLawII Review-night section (Rm 110),12/10/2004,6:00 PM,12/10/2004,7:00 PM,FALSE,FALSE,ACADEMIC CALENDAR
Smith's Office Hours (Rm 320),10/18/2004,2:00 PM,10/18/2004,3:00 PM,FALSE,FALSE,STUDENT ACTIVITIES
Something else,8/24/2004,1:00 AM,8/24/2004,1:00 AM,FALSE,FALSE,
Special Faculty Meeting - Room 140,11/9/2004,12:15 PM,11/9/2004,2:00 PM,FALSE,FALSE,FACULTY & STAFF
Special Faculty Meeting - Room 140,11/23/2004,12:00 PM,11/23/2004,2:00 PM,FALSE,FALSE,FACULTY & STAFF
Special Faculty Meeting - Room 140,12/7/2004,12:15 PM,12/7/2004,2:00 PM,FALSE,FALSE,
Special Faculty Meeting (Rm 140),11/30/2004,12:00 PM,11/30/2004,2:00 PM,FALSE,FALSE,FACULTY & STAFF
Special Program - Eyewitness Identifications,4/21/2006,1:00 AM,4/21/2006,1:00 AM,FALSE,FALSE,
Special Program - Eyewitness Identifications,4/22/2006,1:00 AM,4/22/2006,1:00 AM,FALSE,FALSE,
Spring 2005 Registration - 2nd Year Full-time Students,12/2/2004,1:00 AM,12/2/2004,1:00 AM,FALSE,FALSE,ACADEMIC CALENDAR
Spring 2005 Registration - 2nd Year Part-time Students,12/1/2004,1:00 AM,12/1/2004,1:00 AM,FALSE,FALSE,ACADEMIC CALENDAR
Spring 2005 Registration - 3rd Year Full-time,11/30/2004,1:00 AM,11/30/2004,1:00 AM,FALSE,FALSE,ACADEMIC CALENDAR
Spring 2005 Registration - 3rd/4th Year Part-time; Graduate Studies,11/29/2004,1:00 AM,11/29/2004,1:00 AM,FALSE,FALSE,ACADEMIC CALENDAR
Spring 205 Registration - 1st Year Full-time/Part-time Students,12/3/2004,1:00 AM,12/3/2004,1:00 AM,FALSE,FALSE,ACADEMIC CALENDAR
SPRING BREAK,3/6/2006,1:00 AM,3/6/2006,1:00 AM,FALSE,FALSE,
SPRING BREAK,3/7/2006,1:00 AM,3/7/2006,1:00 AM,FALSE,FALSE,
SPRING BREAK,3/8/2006,1:00 AM,3/8/2006,1:00 AM,FALSE,FALSE,
SPRING BREAK,3/9/2006,1:00 AM,3/9/2006,1:00 AM,FALSE,FALSE,
SPRING BREAK,3/10/2006,1:00 AM,3/10/2006,1:00 AM,FALSE,FALSE,
SPRING BREAK,3/11/2006,1:00 AM,3/11/2006,1:00 AM,FALSE,FALSE,
SPRING BREAK ,3/5/2006,1:00 AM,3/5/2006,1:00 AM,FALSE,FALSE,
SPRING BREAK - NO CLASSES,3/6/2005,1:00 AM,3/6/2005,1:00 AM,FALSE,FALSE,ACADEMIC CALENDAR
SPRING BREAK - NO CLASSES,3/7/2005,1:00 AM,3/7/2005,1:00 AM,FALSE,FALSE,ACADEMIC CALENDAR
SPRING BREAK - NO CLASSES,3/8/2005,1:00 AM,3/8/2005,1:00 AM,FALSE,FALSE,ACADEMIC CALENDAR
SPRING BREAK - NO CLASSES,3/9/2005,1:00 AM,3/9/2005,1:00 AM,FALSE,FALSE,ACADEMIC CALENDAR
SPRING BREAK - NO CLASSES,3/10/2005,1:00 AM,3/10/2005,1:00 AM,FALSE,FALSE,ACADEMIC CALENDAR
SPRING BREAK - NO CLASSES,3/11/2005,1:00 AM,3/11/2005,1:00 AM,FALSE,FALSE,ACADEMIC CALENDAR
SPRING BREAK - NO CLASSES,3/12/2005,1:00 AM,3/12/2005,1:00 AM,FALSE,FALSE,ACADEMIC CALENDAR
SPRING BREAK - NO CLASSES,3/13/2005,1:00 AM,3/13/2005,1:00 AM,FALSE,FALSE,ACADEMIC CALENDAR
State Inaugural Ceremony - Rubloff Auditorium,11/4/2004,3:00 PM,11/4/2004,7:30 PM,FALSE,FALSE,PROGRAMS/EVENTS
Staying Best Friends - Room 260,11/12/2004,5:30 PM,11/12/2004,8:00 PM,FALSE,FALSE,STUDENT ACTIVITIES
STAYING BEST FRIENDS - Rubloff Reception Area,8/25/2005,5:00 PM,8/25/2005,1:00 AM,FALSE,FALSE,STUDENT ACTIVITIES
Staying Best Friends Room 110,1/28/2005,5:00 PM,1/28/2005,8:30 PM,FALSE,FALSE,STUDENT ACTIVITIES
Stem Cell Research Debate (Room 110)--Catholic Lawyers Guild,3/15/2005,12:00 PM,3/15/2005,2:00 PM,FALSE,FALSE,STUDENT ACTIVITIES
Stewart Office Hours Rm 426,10/21/2004,12:00 PM,10/21/2004,1:00 PM,FALSE,FALSE,STUDENT ACTIVITIES
Stewart Office Hours Rm 426,10/28/2004,12:00 PM,10/28/2004,1:00 PM,FALSE,FALSE,STUDENT ACTIVITIES
Stewart Office Hours Rm 426,11/4/2004,12:00 PM,11/4/2004,1:00 PM,FALSE,FALSE,STUDENT ACTIVITIES
Stewart Office Hours Rm 426,11/11/2004,12:00 PM,11/11/2004,1:00 PM,FALSE,FALSE,STUDENT ACTIVITIES
Stewart Office Hours Rm 426,11/18/2004,12:00 PM,11/18/2004,1:00 PM,FALSE,FALSE,STUDENT ACTIVITIES
Study Abroad Information Session ,10/26/2005,6:00 PM,10/26/2005,7:00 PM,FALSE,FALSE,PROGRAMS/EVENTS
Study Law Abroad Information Session - Room 211,10/19/2005,8:50 PM,10/19/2005,9:50 PM,FALSE,FALSE,
Study Law Abroad Information Session - Room 211,10/26/2005,8:50 PM,10/26/2005,9:50 PM,FALSE,FALSE,
Study Law Abroad Information Session - Room 211,11/16/2005,6:15 PM,11/16/2005,1:00 AM,FALSE,FALSE,
Study Law Abroad Information Session - Room 901,10/18/2005,1:00 PM,10/18/2005,2:00 PM,FALSE,FALSE,PROGRAMS/EVENTS
Study Law Abroad Information Session - Room 901,10/25/2005,12:00 PM,10/25/2005,1:00 PM,FALSE,FALSE,PROGRAMS/EVENTS
Study Law Abroad Information Session - Room 901,10/25/2005,1:00 PM,10/25/2005,2:00 PM,FALSE,FALSE,PROGRAMS/EVENTS
Study Law Abroad Information Session - Room 901,11/15/2005,1:00 PM,11/15/2005,2:00 PM,FALSE,FALSE,PROGRAMS/EVENTS
Test Event,9/26/2004,1:00 AM,9/26/2004,1:00 AM,TRUE,FALSE,
Test Reservation,6/9/2005,1:00 PM,6/9/2005,5:00 PM,FALSE,FALSE,PROGRAMS/EVENTS
THANKSGIVING BREAK--NO CLASSES,11/23/2005,1:00 AM,11/23/2005,1:00 AM,FALSE,FALSE,ACADEMIC CALENDAR
THANKSGIVING BREAK--NO CLASSES,11/24/2005,1:00 AM,11/24/2005,1:00 AM,FALSE,FALSE,ACADEMIC CALENDAR
THANKSGIVING BREAK--NO CLASSES,11/25/2005,1:00 AM,11/25/2005,1:00 AM,FALSE,FALSE,ACADEMIC CALENDAR
THANKSGIVING BREAK--NO CLASSES,11/26/2005,1:00 AM,11/26/2005,1:00 AM,FALSE,FALSE,ACADEMIC CALENDAR
THANKSGIVING BREAK--NO CLASSES,11/27/2005,1:00 AM,11/27/2005,1:00 AM,FALSE,FALSE,ACADEMIC CALENDAR
Thursday Classes,12/1/2004,1:00 AM,12/1/2004,1:00 AM,FALSE,FALSE,ACADEMIC CALENDAR
THURSDAY CLASSES,5/3/2005,1:00 AM,5/3/2005,1:00 AM,FALSE,FALSE,ACADEMIC CALENDAR
Torts Review--Section I (Room 240),11/16/2004,1:00 PM,11/16/2004,2:00 PM,FALSE,FALSE,STUDENT ACTIVITIES
Town Hall Meeting with Dean Yellen - Kasbeer Hall,9/28/2005,5:15 PM,9/28/2005,6:00 PM,FALSE,FALSE,PROGRAMS/EVENTS
Town Hall Meeting with Dean Yellen - Kasbeer Hall  ,9/27/2005,12:00 PM,9/27/2005,1:00 PM,FALSE,FALSE,PROGRAMS/EVENTS
TP Meeting (Rm 240),11/15/2004,5:00 PM,11/15/2004,6:00 PM,FALSE,FALSE,STUDENT ACTIVITIES
Transfer Student Orientation/Reception  - Room 1255,8/16/2005,5:30 PM,8/16/2005,1:00 AM,FALSE,FALSE,PROGRAMS/EVENTS
Trial & Medical Malpractice/Burke (room 160),1/25/2005,7:00 PM,1/25/2005,9:00 PM,FALSE,FALSE,ACADEMIC CALENDAR
Trial & Medical Malpractice/Burke (room 160),2/1/2005,7:00 PM,2/1/2005,9:00 PM,FALSE,FALSE,ACADEMIC CALENDAR
Trial & Medical Malpractice/Burke (room 160),2/8/2005,7:00 PM,2/8/2005,9:00 PM,FALSE,FALSE,ACADEMIC CALENDAR
Trial & Medical Malpractice/Burke (room 160),2/15/2005,7:00 PM,2/15/2005,9:00 PM,FALSE,FALSE,ACADEMIC CALENDAR
Trial & Medical Malpractice/Burke (room 160),2/22/2005,7:00 PM,2/22/2005,9:00 PM,FALSE,FALSE,ACADEMIC CALENDAR
Trial & Medical Malpractice/Burke (room 160),3/1/2005,7:00 PM,3/1/2005,9:00 PM,FALSE,FALSE,ACADEMIC CALENDAR
Trial & Medical Malpractice/Burke (room 160),3/8/2005,7:00 PM,3/8/2005,9:00 PM,FALSE,FALSE,ACADEMIC CALENDAR
Trial & Medical Malpractice/Burke (room 160),3/15/2005,7:00 PM,3/15/2005,9:00 PM,FALSE,FALSE,ACADEMIC CALENDAR
Trial & Medical Malpractice/Burke (room 160),3/22/2005,7:00 PM,3/22/2005,9:00 PM,FALSE,FALSE,ACADEMIC CALENDAR
Trial & Medical Malpractice/Burke (room 160),3/29/2005,7:00 PM,3/29/2005,9:00 PM,FALSE,FALSE,ACADEMIC CALENDAR
Trial & Medical Malpractice/Burke (room 160),4/5/2005,7:00 PM,4/5/2005,9:00 PM,FALSE,FALSE,ACADEMIC CALENDAR
Trial & Medical Malpractice/Burke (room 160),4/12/2005,7:00 PM,4/12/2005,9:00 PM,FALSE,FALSE,ACADEMIC CALENDAR
Trial & Medical Malpractice/Burke (room 160),4/19/2005,7:00 PM,4/19/2005,9:00 PM,FALSE,FALSE,ACADEMIC CALENDAR
Trial & Medical Malpractice/Burke (room 160),4/26/2005,7:00 PM,4/26/2005,9:00 PM,FALSE,FALSE,ACADEMIC CALENDAR
Trial Practice,8/24/2004,1:00 AM,8/24/2004,1:00 AM,FALSE,FALSE,
Trial Practice Exam (Rm 160),11/22/2004,1:00 PM,11/22/2004,4:00 PM,FALSE,FALSE,STUDENT ACTIVITIES
Trial Practice Seminar-No Other Reservations Permitted!!,3/5/2005,8:00 AM,3/5/2005,6:00 PM,FALSE,FALSE,STUDENT ACTIVITIES
Trial Practice Seminar-No Other Reservations Permitted!!,3/6/2005,8:00 AM,3/6/2005,6:00 PM,FALSE,FALSE,STUDENT ACTIVITIES
Trial Practice Seminar-No Other Reservations Permitted!!,3/7/2005,8:00 AM,3/7/2005,6:00 PM,FALSE,FALSE,STUDENT ACTIVITIES
Trial Practice Seminar-No Other Reservations Permitted!!,3/8/2005,8:00 AM,3/8/2005,6:00 PM,FALSE,FALSE,STUDENT ACTIVITIES
Trial Practice Seminar-No Other Reservations Permitted!!,3/9/2005,8:00 AM,3/9/2005,6:00 PM,FALSE,FALSE,STUDENT ACTIVITIES
Trial Practice Seminar-No Other Reservations Permitted!!,3/10/2005,8:00 AM,3/10/2005,6:00 PM,FALSE,FALSE,STUDENT ACTIVITIES
Trial Practice Seminar-No Other Reservations Permitted!!,3/11/2005,8:00 AM,3/11/2005,6:00 PM,FALSE,FALSE,STUDENT ACTIVITIES
Trial Practice Seminar-No Other Reservations Permitted!!,3/12/2005,8:00 AM,3/12/2005,6:00 PM,FALSE,FALSE,STUDENT ACTIVITIES
Trial Practice Seminar-No Other Reservations Permitted!!,3/13/2005,8:00 AM,3/13/2005,6:00 PM,FALSE,FALSE,STUDENT ACTIVITIES
Trial Practice Seminar-No other Reservations Permitted!!!,1/9/2005,8:00 AM,1/9/2005,6:00 PM,FALSE,FALSE,ACADEMIC CALENDAR
Trial Practice Seminar-No other Reservations Permitted!!!,1/10/2005,8:00 AM,1/10/2005,6:00 PM,FALSE,FALSE,ACADEMIC CALENDAR
Trial Practice Seminar-No other Reservations Permitted!!!,1/11/2005,8:00 AM,1/11/2005,6:00 PM,FALSE,FALSE,ACADEMIC CALENDAR
Trial Practice Seminar-No other Reservations Permitted!!!,1/12/2005,8:00 AM,1/12/2005,6:00 PM,FALSE,FALSE,ACADEMIC CALENDAR
Trial Practice Seminar-No other Reservations Permitted!!!,1/13/2005,8:00 AM,1/13/2005,6:00 PM,FALSE,FALSE,ACADEMIC CALENDAR
Trial Practice Seminar-No other Reservations Permitted!!!,1/14/2005,8:00 AM,1/14/2005,6:00 PM,FALSE,FALSE,ACADEMIC CALENDAR
Trial Practice Seminar-No other Reservations Permitted!!!,1/15/2005,8:00 AM,1/15/2005,6:00 PM,FALSE,FALSE,ACADEMIC CALENDAR
Trial Practice--CANNOT SCHEDULE ROOMS,5/21/2005,1:00 AM,5/21/2005,1:00 AM,FALSE,FALSE,ACADEMIC CALENDAR
Trial Practice--CANNOT SCHEDULE ROOMS,5/22/2005,1:00 AM,5/22/2005,1:00 AM,FALSE,FALSE,ACADEMIC CALENDAR
Trial Practice--CANNOT SCHEDULE ROOMS,5/23/2005,1:00 AM,5/23/2005,1:00 AM,FALSE,FALSE,ACADEMIC CALENDAR
Trial Practice--CANNOT SCHEDULE ROOMS,5/24/2005,1:00 AM,5/24/2005,1:00 AM,FALSE,FALSE,ACADEMIC CALENDAR
Trial Practice--CANNOT SCHEDULE ROOMS,5/25/2005,1:00 AM,5/25/2005,1:00 AM,FALSE,FALSE,ACADEMIC CALENDAR
Trial Practice--CANNOT SCHEDULE ROOMS,5/26/2005,1:00 AM,5/26/2005,1:00 AM,FALSE,FALSE,ACADEMIC CALENDAR
Trial Practice--CANNOT SCHEDULE ROOMS,5/27/2005,1:00 AM,5/27/2005,1:00 AM,FALSE,FALSE,ACADEMIC CALENDAR
Trial Practice--CANNOT SCHEDULE ROOMS,5/28/2005,1:00 AM,5/28/2005,1:00 AM,FALSE,FALSE,ACADEMIC CALENDAR
Trial: Medical Malpractice/Burke (Room 160),1/18/2005,7:00 PM,1/18/2005,9:00 PM,FALSE,FALSE,ACADEMIC CALENDAR
Tutor Office Hours (5th Floor Conf.),12/1/2004,1:00 PM,12/1/2004,2:00 PM,FALSE,FALSE,STUDENT ACTIVITIES
Tutor Review Session (Rm 110),10/28/2004,1:00 PM,10/28/2004,2:00 PM,FALSE,FALSE,STUDENT ACTIVITIES
Tutor Ziliak Torts Review (Rm 110),11/30/2004,9:00 PM,11/30/2004,11:00 PM,FALSE,FALSE,STUDENT ACTIVITIES
Vis Moot Team Practice (5th Floor Conf. Room),3/14/2005,6:00 PM,3/14/2005,8:00 PM,FALSE,FALSE,STUDENT ACTIVITIES
Vis Moot Team Practice (5th Floor Conference Room),3/16/2005,6:00 PM,3/16/2005,8:00 PM,FALSE,FALSE,STUDENT ACTIVITIES
Walkin Office Hours Rm 330,10/20/2004,3:00 PM,10/20/2004,4:00 PM,FALSE,FALSE,STUDENT ACTIVITIES
Walkin Office Hours Rm 330,10/27/2004,3:00 PM,10/27/2004,4:00 PM,FALSE,FALSE,STUDENT ACTIVITIES
Walkin Office Hours Rm 330,11/3/2004,3:00 PM,11/3/2004,4:00 PM,FALSE,FALSE,STUDENT ACTIVITIES
Walkin Office Hours Rm 330,11/10/2004,3:00 PM,11/10/2004,4:00 PM,FALSE,FALSE,STUDENT ACTIVITIES
Walkin Office Hours Rm 330,11/17/2004,3:00 PM,11/17/2004,4:00 PM,FALSE,FALSE,STUDENT ACTIVITIES
Waller Review (Rm 334),12/3/2004,3:45 PM,12/3/2004,5:00 PM,FALSE,FALSE,ACADEMIC CALENDAR
Wednesday Classes,11/30/2004,1:00 AM,11/30/2004,1:00 AM,FALSE,FALSE,ACADEMIC CALENDAR
Westlaw Table Day (Student Lounge),11/16/2004,9:30 AM,11/16/2004,1:30 PM,FALSE,FALSE,STUDENT ACTIVITIES
Westlaw Table Day (Student Lounge),11/16/2004,4:30 PM,11/16/2004,6:00 PM,FALSE,FALSE,STUDENT ACTIVITIES
Westlaw Training Rm 240,11/8/2004,5:00 PM,11/8/2004,6:00 PM,FALSE,FALSE,STUDENT ACTIVITIES
Westlaw Training Rm 324,11/16/2004,12:00 PM,11/16/2004,2:00 PM,FALSE,FALSE,STUDENT ACTIVITIES
Westlaw Training Room 324,11/3/2004,12:00 PM,11/3/2004,1:00 PM,FALSE,FALSE,STUDENT ACTIVITIES
Wing Tat Lee Lecture - Room 110 ,1/26/2005,6:00 PM,1/26/2005,7:00 PM,FALSE,FALSE,PROGRAMS/EVENTS
Wing Tat Lee Lecturer/Prof. Bland (Room 240),1/25/2005,5:00 PM,1/25/2005,6:00 PM,FALSE,FALSE,PROGRAMS/EVENTS
Wisnoskey Review (Room 324),12/3/2004,11:00 AM,12/3/2004,1:00 PM,FALSE,FALSE,ACADEMIC CALENDAR
Wisnosky Office Hours,10/26/2004,1:00 PM,10/26/2004,2:00 PM,FALSE,FALSE,STUDENT ACTIVITIES
Wisnosky Office Hours,11/2/2004,1:00 PM,11/2/2004,2:00 PM,FALSE,FALSE,STUDENT ACTIVITIES
Wisnosky Office Hours,11/9/2004,1:00 PM,11/9/2004,2:00 PM,FALSE,FALSE,STUDENT ACTIVITIES
Wisnosky Office Hours,11/16/2004,1:00 PM,11/16/2004,2:00 PM,FALSE,FALSE,STUDENT ACTIVITIES
Wisnosky Office Hours,11/23/2004,1:00 PM,11/23/2004,2:00 PM,FALSE,FALSE,STUDENT ACTIVITIES
Wisnosky Office Hours 334,10/19/2004,1:00 PM,10/19/2004,2:00 PM,FALSE,FALSE,STUDENT ACTIVITIES
Wisnosky Office Hours Rm 160,10/21/2004,1:00 PM,10/21/2004,2:00 PM,FALSE,FALSE,STUDENT ACTIVITIES
Wisnosky Office Hours Rm 160,10/28/2004,1:00 PM,10/28/2004,2:00 PM,FALSE,FALSE,STUDENT ACTIVITIES
Wisnosky Office Hours Rm 160,11/4/2004,1:00 PM,11/4/2004,2:00 PM,FALSE,FALSE,STUDENT ACTIVITIES
Wisnosky Office Hours Rm 160,11/11/2004,1:00 PM,11/11/2004,2:00 PM,FALSE,FALSE,STUDENT ACTIVITIES
Wisnosky Office Hours Rm 160,11/18/2004,1:00 PM,11/18/2004,2:00 PM,FALSE,FALSE,STUDENT ACTIVITIES
Wisnosky Office Hours Rm 322,10/21/2004,12:00 PM,10/21/2004,1:00 PM,FALSE,FALSE,STUDENT ACTIVITIES
Wisnosky Office Hours Rm 322,10/28/2004,12:00 PM,10/28/2004,1:00 PM,FALSE,FALSE,STUDENT ACTIVITIES
Wisnosky Office Hours Rm 322,11/4/2004,12:00 PM,11/4/2004,1:00 PM,FALSE,FALSE,STUDENT ACTIVITIES
Wisnosky Office Hours Rm 322,11/11/2004,12:00 PM,11/11/2004,1:00 PM,FALSE,FALSE,STUDENT ACTIVITIES
Wisnosky Office Hours Rm 322,11/18/2004,12:00 PM,11/18/2004,1:00 PM,FALSE,FALSE,STUDENT ACTIVITIES
Y. Kim Office Hours Rm 140,10/21/2004,1:00 PM,10/21/2004,2:00 PM,FALSE,FALSE,STUDENT ACTIVITIES
Y. Kim Office Hours Rm 140,10/28/2004,1:00 PM,10/28/2004,2:00 PM,FALSE,FALSE,STUDENT ACTIVITIES
Y. Kim Office Hours Rm 140,11/4/2004,1:00 PM,11/4/2004,2:00 PM,FALSE,FALSE,STUDENT ACTIVITIES
Y. Kim Office Hours Rm 140,11/11/2004,1:00 PM,11/11/2004,2:00 PM,FALSE,FALSE,STUDENT ACTIVITIES
Y. Kim Office Hours Rm 140,11/18/2004,1:00 PM,11/18/2004,2:00 PM,FALSE,FALSE,STUDENT ACTIVITIES
Y. Kim Office Hours Rm 426,10/19/2004,1:00 PM,10/19/2004,2:00 PM,FALSE,FALSE,STUDENT ACTIVITIES
Y. Kim Office Hours Rm 426,10/26/2004,1:00 PM,10/26/2004,2:00 PM,FALSE,FALSE,STUDENT ACTIVITIES
Y. Kim Office Hours Rm 426,11/2/2004,1:00 PM,11/2/2004,2:00 PM,FALSE,FALSE,STUDENT ACTIVITIES
Y. Kim Office Hours Rm 426,11/9/2004,1:00 PM,11/9/2004,2:00 PM,FALSE,FALSE,STUDENT ACTIVITIES
Y. Kim Office Hours Rm 426,11/16/2004,1:00 PM,11/16/2004,2:00 PM,FALSE,FALSE,STUDENT ACTIVITIES
Y. Kim Office Hours Rm 426,11/23/2004,1:00 PM,11/23/2004,2:00 PM,FALSE,FALSE,STUDENT ACTIVITIES
Yearby Criminal Law Review (Rm 110),12/3/2004,4:00 PM,12/3/2004,7:00 PM,FALSE,FALSE,ACADEMIC CALENDAR
Young Alumni Evening - Rock Bottom Cafe,9/7/2005,5:30 PM,9/7/2005,7:30 PM,FALSE,FALSE,PROGRAMS/EVENTS
Ziliak Office Hours Rm 332,10/19/2004,9:00 PM,10/19/2004,10:00 PM,FALSE,FALSE,STUDENT ACTIVITIES
Ziliak Office Hours Rm 332,10/21/2004,9:00 PM,10/21/2004,10:00 PM,FALSE,FALSE,STUDENT ACTIVITIES
Ziliak Office Hours Rm 332,10/26/2004,9:00 PM,10/26/2004,10:00 PM,FALSE,FALSE,STUDENT ACTIVITIES
Ziliak Office Hours Rm 332,10/28/2004,9:00 PM,10/28/2004,10:00 PM,FALSE,FALSE,STUDENT ACTIVITIES
Ziliak Office Hours Rm 332,11/2/2004,9:00 PM,11/2/2004,10:00 PM,FALSE,FALSE,STUDENT ACTIVITIES
Ziliak Office Hours Rm 332,11/4/2004,9:00 PM,11/4/2004,10:00 PM,FALSE,FALSE,STUDENT ACTIVITIES
Ziliak Office Hours Rm 332,11/9/2004,9:00 PM,11/9/2004,10:00 PM,FALSE,FALSE,STUDENT ACTIVITIES
Ziliak Office Hours Rm 332,11/11/2004,9:00 PM,11/11/2004,10:00 PM,FALSE,FALSE,STUDENT ACTIVITIES
Ziliak Office Hours Rm 332,11/16/2004,9:00 PM,11/16/2004,10:00 PM,FALSE,FALSE,STUDENT ACTIVITIES
Ziliak Office Hours Rm 332,11/18/2004,9:00 PM,11/18/2004,10:00 PM,FALSE,FALSE,STUDENT ACTIVITIES
Ziliak Office Hours Rm 332,11/23/2004,9:00 PM,11/23/2004,10:00 PM,FALSE,FALSE,STUDENT ACTIVITIES
Ziliak Office Hours Rm 332,12/21/2004,9:00 PM,12/21/2004,10:00 PM,FALSE,FALSE,STUDENT ACTIVITIES
Ziliak Office Hours Rm 332,12/23/2004,9:00 PM,12/23/2004,10:00 PM,FALSE,FALSE,STUDENT ACTIVITIES
Ziliak Office Hours Rm 332,12/28/2004,9:00 PM,12/28/2004,10:00 PM,FALSE,FALSE,STUDENT ACTIVITIES
Ziliak Office Hours Rm 332,12/30/2004,9:00 PM,12/30/2004,10:00 PM,FALSE,FALSE,STUDENT ACTIVITIES
